<?xml version="1.0" encoding="UTF-8"?>
<beans xmlns="http://www.springframework.org/schema/beans"
	xmlns:xsi="http://www.w3.org/2001/XMLSchema-instance"
	xmlns:p="http://www.springframework.org/schema/p"
	xsi:schemaLocation="http://www.springframework.org/schema/beans http://www.springframework.org/schema/beans/spring-beans.xsd">


    <bean id="propertyConfigurer"
        class="org.springframework.beans.factory.config.PropertyPlaceholderConfigurer"
        p:location="classpath:jdbc.properties" />

<!-- properties 파일 읽어오기 -->
    <bean id="dataSource" class="org.apache.commons.dbcp2.BasicDataSource" destroy-method="close">
        <property name="driverClassName" value="${jdbc.driver}"/>
        <property name="url" value="${jdbc.url}"/>
        <property name="username" value="${jdbc.username}"/>
        <property name="password" value="${jdbc.password}"/>
        <property name="maxTotal" value="${jdbc.maxTotal}"/>
        <property name="maxIdle" value="${jdbc.maxIdle}"/>
        <property name="maxWaitMillis" value="${jdbc.maxWaitMillis}"/>
    </bean>

    	<bean id="transactionManager"
		class="org.springframework.jdbc.datasource.DataSourceTransactionManager">
		<property name="dataSource" ref="dataSource" />
	</bean>

	<bean id="sqlSessionFactory" class="org.mybatis.spring.SqlSessionFactoryBean"
		p:dataSource-ref="dataSource" p:configLocation="classpath:myBatisConfig.xml"
		p:mapperLocations="classpath:kr/co/JH5th/**/dao/sqlMap/*.xml" />

	<bean class="org.mybatis.spring.mapper.MapperScannerConfigurer">
		<property name="basePackage" value="kr.co.JH5th.**.dao" />
	</bean>



</beans>
