<?xml version="1.0" encoding="UTF-8"?>
<beans xmlns="http://www.springframework.org/schema/beans"
	xmlns:xsi="http://www.w3.org/2001/XMLSchema-instance"
	xmlns:aop="http://www.springframework.org/schema/aop"
	xmlns:tx="http://www.springframework.org/schema/tx"
	xsi:schemaLocation="http://www.springframework.org/schema/beans http://www.springframework.org/schema/beans/spring-beans.xsd
		http://www.springframework.org/schema/aop http://www.springframework.org/schema/aop/spring-aop-3.1.xsd
		http://www.springframework.org/schema/tx http://www.springframework.org/schema/tx/spring-tx-3.1.xsd">

	 <aop:config>

       <aop:pointcut id="serviceDaoPointcut"
            expression="execution(* kr.co.JH5th..sf.*.*(..)) or execution(* kr.co.JH5th..applicationService.*.*(..)) or execution(* kr.co.JH5th..dao.*.*(..))" />
       <aop:pointcut id="servicePointcut"
            expression="execution(* kr.co.JH5th..sf.*.*(..))  " />
       <aop:advisor advice-ref="transactionAdvice" pointcut-ref="servicePointcut" />


       	<aop:aspect id="commonAspect" ref="commonAdvice">
			<aop:around pointcut-ref="serviceDaoPointcut" method="logging" />
			<aop:after-throwing pointcut-ref="servicePointcut"
				method="afterThrowing" throwing="ex" />
		</aop:aspect>

	</aop:config>



	<bean id="commonAdvice" class="kr.co.JH5th.common.advice.CommonAdvice" />


	<tx:advice id="transactionAdvice" transaction-manager="transactionManager">
		<tx:attributes>
		<tx:method name="regist*" propagation="REQUIRED"/>
		<tx:method name="modify*" propagation="REQUIRED"/>
		<tx:method name="remove*" propagation="REQUIRED"/>
		<tx:method name="*" read-only="true"/>
		</tx:attributes>
	</tx:advice>



</beans>
