<?xml version="1.0" encoding="UTF-8"?>
<!DOCTYPE mapper PUBLIC "-//mybatis.org//DTD Mapper 3.0//EN" "http://mybatis.org/dtd/mybatis-3-mapper.dtd">
<mapper namespace="kr.co.JH5th.logistics.business.dao.ContractDetailDAO">





<!-- contractDetailDAO -->



	<resultMap type="contractDetailTO" id="contractDetailResult">

	<result property="contractDetailNo" column="CONTRACT_DETAIL_NO"/>
	<result property="contractNo" column="CONTRACT_NO"/>
	<result property="itemCode" column="ITEM_CODE"/>
	<result property="itemName" column="ITEM_NAME"/>
	<result property="unitOfContract" column="UNIT_OF_CONTRACT"/>
	<result property="dueDateOfContract" column="DUE_DATE_OF_CONTRACT"/>
	<result property="contractAmount" column="CONTRACT_AMOUNT"/>
	<result property="unitPriceOfContract" column="UNIT_PRICE_OF_CONTRACT"/>
	<result property="sumPriceOfContract" column="SUM_PRICE_OF_CONTRACT"/>
	<result property="mpsApplyStatus" column="MPS_APPLY_STATUS"/>
	<result property="deliveryStatus" column="DELIVERY_STATUS"/>
	<result property="description" column="DESCRIPTION"/>

	</resultMap>


	<select id="selectContractDetailList" resultMap="contractDetailResult">

		SELECT
		CONTRACT_DETAIL_NO, CONTRACT_NO, ITEM_CODE, ITEM_NAME
		, UNIT_OF_CONTRACT, DUE_DATE_OF_CONTRACT, CONTRACT_AMOUNT
		, UNIT_PRICE_OF_CONTRACT, SUM_PRICE_OF_CONTRACT
		, MPS_APPLY_STATUS, DELIVERY_STATUS, DESCRIPTION
		FROM CONTRACT_DETAIL

	</select>



	<insert id="insertContractDetail" parameterType="contractDetailTO">

		INSERT INTO CONTRACT_DETAIL
		VALUES
		( #{contractDetailNo}
		, #{contractNo}
		, #{itemCode}
		, #{itemName}
		, #{unitOfContract}
		, #{dueDateOfContract}
		, #{contractAmount}
		, #{unitPriceOfContract}
		, #{sumPriceOfContract}
		, #{mpsApplyStatus}
		, #{deliveryStatus}
		, #{description}
		 )

	</insert>


	<update id="updateContractDetail" parameterType="contractDetailTO">

		UPDATE CONTRACT_DETAIL SET
		CONTRACT_NO = #{contractNo}
		, ITEM_CODE = #{itemCode}
		, ITEM_NAME = #{itemName}
		, UNIT_OF_CONTRACT = #{unitOfContract}
		, DUE_DATE_OF_CONTRACT = #{dueDateOfContract}
		, CONTRACT_AMOUNT = #{contractAmount}
		, UNIT_PRICE_OF_CONTRACT = #{unitPriceOfContract}
		, SUM_PRICE_OF_CONTRACT = #{sumPriceOfContract}
		, MPS_APPLY_STATUS = #{mpsApplyStatus}
		, DELIVERY_STATUS = #{deliveryStatus}
		, DESCRIPTION = #{description}
		WHERE
		CONTRACT_DETAIL_NO = #{contractDetailNo}

	</update>

	<delete id="deleteContractDetail"
		parameterType="contractDetailTO">
		DELETE FROM CONTRACT_DETAIL
		WHERE CONTRACT_DETAIL_NO = #{contractDetailNo}
	</delete>








</mapper>