<?xml version="1.0" encoding="UTF-8"?>
<!DOCTYPE mapper PUBLIC "-//mybatis.org//DTD Mapper 3.0//EN" "http://mybatis.org/dtd/mybatis-3-mapper.dtd">
<mapper namespace="kr.co.JH5th.base.dao.CodeDetailDAO">





<!-- codeDetailDAO -->

	

	<resultMap type="codeDetailTO" id="codeDetailResult">

	<result property="divisionCodeNo" column="DIVISION_CODE_NO"/>
	<result property="detailCode" column="DETAIL_CODE"/>
	<result property="detailCodeName" column="DETAIL_CODE_NAME"/>
	<result property="codeUseCheck" column="CODE_USE_CHECK"/>
	<result property="description" column="DESCRIPTION"/>

	</resultMap>


	<select id="selectCodeDetailList" resultMap="codeDetailResult">

		SELECT
		DIVISION_CODE_NO, DETAIL_CODE, DETAIL_CODE_NAME
		, CODE_USE_CHECK, DESCRIPTION
		FROM CODE_DETAIL

	</select>


	<insert id="insertDetailCode" parameterType="codeDetailTO">

		INSERT INTO CODE_DETAIL
		VALUES
		( #{divisionCodeNo}
		, #{detailCode}
		, #{detailCodeName}
		, #{codeUseCheck}
		, #{description} )

	</insert>


	<update id="updateDetailCode" parameterType="codeDetailTO">

		UPDATE CODE_DETAIL SET
		DIVISION_CODE_NO = #{divisionCodeNo}
		, DETAIL_CODE_NAME = #{detailCodeName}
		, CODE_USE_CHECK = #{codeUseCheck}
		, DESCRIPTION = #{description}
		WHERE
		DETAIL_CODE = #{detailCode}

	</update>


	<delete id="deleteDetailCode" parameterType="codeDetailTO">

		DELETE FROM CODE_DETAIL
		WHERE DIVISION_CODE_NO = #{divisionCodeNo}
		AND DETAIL_CODE = #{detailCode}

	</delete>


</mapper>