﻿<?xml version="1.0" encoding="utf-8"?>
<TypeDefinition>
  <Components>
    <Component type="Bin" id="Div" classname="Div" module="XComCmp" version="1000"/>
    <Component type="Bin" id="Button" classname="Button" module="XComCmp" version="1000"/>
    <Component type="Bin" id="PopupDiv" classname="PopupDiv" module="XComCmp" version="1000"/>
    <Component type="Bin" id="Combo" classname="Combo" module="XComCmp" version="1000"/>
    <Component type="Bin" id="CheckBox" classname="CheckBox" module="XComCmp" version="1000"/>
    <Component type="Bin" id="ListBox" classname="ListBox" module="XComCmp" version="1000"/>
    <Component type="Bin" id="Edit" classname="Edit" module="XComCmp" version="1000"/>
    <Component type="Bin" id="MaskEdit" classname="MaskEdit" module="XComCmp" version="1000"/>
    <Component type="Bin" id="TextArea" classname="TextArea" module="XComCmp" version="1000"/>
    <Component type="Bin" id="Menu" classname="Menu" module="XComCmp" version="1000"/>
    <Component type="Bin" id="Tab" classname="Tab" module="XComCmp" version="1000"/>
    <Component type="Bin" id="ImageViewer" classname="ImageViewer" module="XComCmp" version="1000"/>
    <Component type="Bin" id="Radio" classname="Radio" module="XComCmp" version="1000"/>
    <Component type="Bin" id="Shape" classname="Shape" module="XComCmp" version="1000"/>
    <Component type="Bin" id="Calendar" classname="Calendar" module="XComCmp" version="1000"/>
    <Component type="Bin" id="Static" classname="Static" module="XComCmp" version="1000"/>
    <Component type="Bin" id="Grid" classname="Grid" module="XGridCmp" version="1000"/>
    <Component type="Bin" id="Spin" classname="Spin" module="XComCmp" version="1000"/>
    <Component type="Bin" id="PopupMenu" classname="PopupMenu" module="XComCmp" version="1000"/>
    <Component type="Bin" id="Splitter" classname="Splitter" module="XComCmp" version="1000"/>
    <Component type="Bin" id="GroupBox" classname="GroupBox" module="XComCmp" version="1000"/>
    <Component type="Bin" id="ProgressBar" classname="ProgressBar" module="XComCmp" version="1000"/>
    <Component type="Bin" id="ActiveX" classname="ActiveX" module="XAxCmp" version="1000"/>
    <Component type="Bin" id="PropertyAnimation" classname="PropertyAnimation" module="XPlatformLib" version="1000"/>
    <Component type="Bin" id="TransitionAnimation" classname="TransitionAnimation" module="XPlatformLib" version="1000"/>
    <Component type="Bin" id="MoveAnimation" classname="MoveAnimation" module="XPlatformLib" version="1000"/>
    <Component type="Bin" id="CompositeAnimation" classname="CompositeAnimation" module="XPlatformLib" version="1000"/>
    <Component type="Bin" id="Dataset" classname="Dataset" module="XPlatformLib" version="1000"/>
    <Component type="Bin" id="FilteredDataset" classname="FilteredDataset" module="XClassLib" version="1000"/>
    <Component type="Bin" id="FileDialog" classname="FileDialog" module="XComCmp" version="1000"/>
    <Component type="Bin" id="GraphicPath" classname="GraphicPath" module="XComCmp" version="1000"/>
    <Component type="Bin" id="VirtualFile" classname="VirtualFile" module="XComCmp" version="1000"/>
  </Components>
  <Services>
    <Service prefixid="Base" type="form" url="./Base/" communicationversion="0"/>
    <Service prefixid="Emp" type="form" url="./Emp" communicationversion="0"/>
    <Service prefixid="Business" type="form" url="./Business/" communicationversion="0"/>
    <Service prefixid="LogisticsBase" type="form" url="./LogisticsBase/" communicationversion="0"/>
    <Service prefixid="Production" type="form" url="./Production/" communicationversion="0"/>
    <Service prefixid="Purchase" type="form" url="./Purchase/" communicationversion="0"/>
    <Service prefixid="svcBase" type="JSP" url="http://localhost:8282/JH5th/base/" cachelevel="session" communicationversion="0"/>
    <Service prefixid="svcEmp" type="form" url="http://localhost:8282/JH5th/hr/emp/" communicationversion="0"/>
    <Service prefixid="svcManagement" type="JSP" url="http://localhost:8282/JH5th/logistics/base/" communicationversion="0"/>
    <Service prefixid="svcProduction" type="JSP" url="http://localhost:8282/JH5th/logistics/production/" communicationversion="0"/>
    <Service prefixid="svcPurchase" type="JSP" url="http://localhost:8282/JH5th/logistics/purchase/" communicationversion="0"/>
    <Service prefixid="svcBusiness" type="JSP" url="http://localhost:8282/JH5th/logistics/business/" communicationversion="0"/>
    <Service prefixid="svcLogibase" type="JSP" url="http://localhost:8282/JH5th/logistics/base/" communicationversion="0"/>
  </Services>
  <Update/>
</TypeDefinition>
