﻿<?xml version="1.0" encoding="utf-8"?>
<GlobalVariables>
  <Dataset id="gds_code">
    <ColumnInfo>
      <Column id="DIVISION_CODE_NO" type="STRING" size="256"/>
      <Column id="CODE_TYPE" type="STRING" size="256"/>
      <Column id="DIVISION_CODE_NAME" type="STRING" size="256"/>
      <Column id="CODE_CHANGE_AVAILABLE" type="STRING" size="256"/>
      <Column id="DESCRIPTION" type="STRING" size="256"/>
    </ColumnInfo>
  </Dataset>
  <Dataset id="gds_codeDetail">
    <ColumnInfo>
      <Column id="DIVISION_CODE_NO" type="STRING" size="256"/>
      <Column id="DETAIL_CODE" type="STRING" size="256"/>
      <Column id="DETAIL_CODE_NAME" type="STRING" size="256"/>
      <Column id="CODE_USE_CHECK" type="STRING" size="256"/>
      <Column id="DESCRIPTION" type="STRING" size="256"/>
    </ColumnInfo>
  </Dataset>
  <Dataset id="gds_dept">
    <ColumnInfo>
      <Column id="WORKPLACE_CODE" type="STRING" size="256"/>
      <Column id="DEPT_CODE" type="STRING" size="256"/>
      <Column id="DEPT_NAME" type="STRING" size="256"/>
      <Column id="WORKPLACE_NAME" type="STRING" size="256"/>
      <Column id="COMPANY_CODE" type="STRING" size="256"/>
      <Column id="COMPANY_NAME" type="STRING" size="256"/>
      <Column id="DEPT_START_DATE" type="STRING" size="256"/>
      <Column id="DEPT_END_DATE" type="STRING" size="256"/>
    </ColumnInfo>
  </Dataset>
  <Dataset id="gds_employee">
    <ColumnInfo>
      <Column id="EMP_CODE" type="STRING" size="256"/>
      <Column id="EMP_NAME" type="STRING" size="256"/>
      <Column id="COMPANY_CODE" type="STRING" size="256"/>
      <Column id="WORKPLACE_CODE" type="STRING" size="256"/>
      <Column id="DEPT_CODE" type="STRING" size="256"/>
      <Column id="POSITION_CODE" type="STRING" size="256"/>
      <Column id="SOCIAL_SECURITY_NUMBER" type="STRING" size="256"/>
      <Column id="BIRTH_DATE" type="STRING" size="256"/>
      <Column id="GENDER" type="STRING" size="256"/>
      <Column id="EMAIL" type="STRING" size="256"/>
      <Column id="PHONE_NUMBER" type="STRING" size="256"/>
      <Column id="IMAGE" type="STRING" size="256"/>
      <Column id="USER_PW" type="STRING" size="256"/>
      <Column id="ZIP_CODE" type="STRING" size="256"/>
      <Column id="BASIC_ADDRESS" type="STRING" size="256"/>
      <Column id="DETAIL_ADDRESS" type="STRING" size="256"/>
      <Column id="LEVEL_OF_EDUCATION" type="STRING" size="256"/>
      <Column id="USER_OR_NOT" type="STRING" size="256"/>
    </ColumnInfo>
  </Dataset>
  <Dataset id="gds_company">
    <ColumnInfo>
      <Column id="COMPANY_CODE" type="STRING" size="256"/>
      <Column id="COMPANY_NAME" type="STRING" size="256"/>
      <Column id="COMPANY_DIVISION" type="STRING" size="256"/>
      <Column id="BUSINESS_LICENSE_NUMBER" type="STRING" size="256"/>
      <Column id="CORPORATION_LICENSE_NUMBER" type="STRING" size="256"/>
      <Column id="COMPANY_CEO_NAME" type="STRING" size="256"/>
      <Column id="COMPANY_BUSINESS_CONDITIONS" type="STRING" size="256"/>
      <Column id="COMPANY_BUSINESS_ITEMS" type="STRING" size="256"/>
      <Column id="COMPANY_ZIP_CODE" type="STRING" size="256"/>
      <Column id="COMPANY_BASIC_ADDRESS" type="STRING" size="256"/>
      <Column id="COMPANY_DETAIL_ADDRESS" type="STRING" size="256"/>
      <Column id="COMPANY_TEL_NUMBER" type="STRING" size="256"/>
      <Column id="COMPANY_FAX_NUMBER" type="STRING" size="256"/>
      <Column id="COMPANY_ESTABLISHMENT_DATE" type="STRING" size="256"/>
      <Column id="COMPANY_OPEN_DATE" type="STRING" size="256"/>
      <Column id="HOMEPAGE" type="STRING" size="256"/>
    </ColumnInfo>
  </Dataset>
  <Dataset id="gds_workplace">
    <ColumnInfo>
      <Column id="WORKPLACE_CODE" type="STRING" size="256"/>
      <Column id="COMPANY_CODE" type="STRING" size="256"/>
      <Column id="WORKPLACE_NAME" type="STRING" size="256"/>
      <Column id="BUSINESS_LICENSE_NUMBER" type="STRING" size="256"/>
      <Column id="CORPORATION_LICENSE_NUMBER" type="STRING" size="256"/>
      <Column id="WORKPLACE_CEO_NAME" type="STRING" size="256"/>
      <Column id="WORKPLACE_BUSINESS_CONDITIONS" type="STRING" size="256"/>
      <Column id="WORKPLACE_BUSINESS_ITEMS" type="STRING" size="256"/>
      <Column id="WORKPLACE_ZIP_CODE" type="STRING" size="256"/>
      <Column id="WORKPLACE_BASIC_ADDRESS" type="STRING" size="256"/>
      <Column id="WORKPLACE_DETAIL_ADDRESS" type="STRING" size="256"/>
      <Column id="WORKPLACE_TEL_NUMBER" type="STRING" size="256"/>
      <Column id="WORKPLACE_FAX_NUMBER" type="STRING" size="256"/>
      <Column id="WORKPLACE_ESTABLISH_DATE" type="STRING" size="256"/>
      <Column id="WORKPLACE_OPEN_DATE" type="STRING" size="256"/>
      <Column id="WORKPLACE_CLOSE_DATE" type="STRING" size="256"/>
      <Column id="IS_MAIN_OFFICE" type="STRING" size="256"/>
    </ColumnInfo>
  </Dataset>
  <Dataset id="gds_menu">
    <ColumnInfo>
      <Column id="WORKPLACE_CODE" type="STRING" size="256"/>
      <Column id="MENU_CODE" type="STRING" size="256"/>
      <Column id="PARENT_MENU_CODE" type="STRING" size="256"/>
      <Column id="MENU_NAME" type="STRING" size="256"/>
      <Column id="MENU_ORDER" type="STRING" size="256"/>
      <Column id="URL" type="STRING" size="256"/>
      <Column id="DESCRIPTION" type="STRING" size="256"/>
    </ColumnInfo>
  </Dataset>
  <Dataset id="gds_item">
    <ColumnInfo>
      <Column id="ITEM_CODE" type="STRING" size="256"/>
      <Column id="ITEM_NAME" type="STRING" size="256"/>
      <Column id="ITEM_GROUP_CODE" type="STRING" size="256"/>
      <Column id="ITEM_CLASSIFICATION" type="STRING" size="256"/>
      <Column id="UNIT_OF_STOCK" type="STRING" size="256"/>
      <Column id="LOSS_RATE" type="STRING" size="256"/>
      <Column id="LEAD_TIME" type="STRING" size="256"/>
      <Column id="STANDARD_UNIT_PRICE" type="STRING" size="256"/>
      <Column id="DESCRIPTION" type="STRING" size="256"/>
    </ColumnInfo>
  </Dataset>
  <Dataset id="gds_position">
    <ColumnInfo>
      <Column id="WORKPLACE_CODE" type="STRING" size="256"/>
      <Column id="DEPT_CODE" type="STRING" size="256"/>
      <Column id="POSITION_CODE" type="STRING" size="256"/>
      <Column id="POSITION_NAME" type="STRING" size="256"/>
      <Column id="DESCRIPTION" type="STRING" size="256"/>
    </ColumnInfo>
  </Dataset>
  <Dataset id="gds_bom">
    <ColumnInfo>
      <Column id="NO" type="STRING" size="256"/>
      <Column id="ITEM_CODE" type="STRING" size="256"/>
      <Column id="PARENT_ITEM_CODE" type="STRING" size="256"/>
      <Column id="NET_AMOUNT" type="STRING" size="256"/>
      <Column id="DESCRIPTION" type="STRING" size="256"/>
    </ColumnInfo>
  </Dataset>
  <Dataset id="gds_estimate">
    <ColumnInfo>
      <Column id="ESTIMATE_NO" type="STRING" size="256"/>
      <Column id="CUSTOMER_CODE" type="STRING" size="256"/>
      <Column id="ESTIMATE_DATE" type="STRING" size="256"/>
      <Column id="CONTRACT_STATUS" type="STRING" size="256"/>
      <Column id="ESTIMATE_REQUESTER" type="STRING" size="256"/>
      <Column id="EFFECTIVE_DATE" type="STRING" size="256"/>
      <Column id="PERSON_CODE_IN_CHARGE" type="STRING" size="256"/>
      <Column id="DESCRIPTION" type="STRING" size="256"/>
    </ColumnInfo>
  </Dataset>
  <Dataset id="gds_estimateDetail">
    <ColumnInfo>
      <Column id="ESTIMATE_DETAIL_NO" type="STRING" size="256"/>
      <Column id="ESTIMATE_NO" type="STRING" size="256"/>
      <Column id="ITEM_CODE" type="STRING" size="256"/>
      <Column id="ITEM_NAME" type="STRING" size="256"/>
      <Column id="UNIT_OF_ESTIMATE" type="STRING" size="256"/>
      <Column id="DUE_DATE_OF_ESTIMATE" type="STRING" size="256"/>
      <Column id="ESTIMATE_AMOUNT" type="STRING" size="256"/>
      <Column id="UNIT_PRICE_OF_ESTIMATE" type="STRING" size="256"/>
      <Column id="SUM_PRICE_OF_ESTIMATE" type="STRING" size="256"/>
      <Column id="DESCRIPTION" type="STRING" size="256"/>
    </ColumnInfo>
  </Dataset>
  <Dataset id="gds_contract">
    <ColumnInfo>
      <Column id="CONTRACT_NO" type="STRING" size="256"/>
      <Column id="ESTIMATE_NO" type="STRING" size="256"/>
      <Column id="CONTRACT_TYPE" type="STRING" size="256"/>
      <Column id="CUSTOMER_CODE" type="STRING" size="256"/>
      <Column id="CONTRACT_DATE" type="STRING" size="256"/>
      <Column id="CONTRACT_REQUESTER" type="STRING" size="256"/>
      <Column id="PERSON_CODE_IN_CHARGE" type="STRING" size="256"/>
      <Column id="DESCRIPTION" type="STRING" size="256"/>
      <Column id="DELIVERY_RESULT_STATUS" type="STRING" size="256"/>
    </ColumnInfo>
  </Dataset>
  <Dataset id="gds_contractDetail">
    <ColumnInfo>
      <Column id="CONTRACT_DETAIL_NO" type="STRING" size="256"/>
      <Column id="CONTRACT_NO" type="STRING" size="256"/>
      <Column id="ITEM_CODE" type="STRING" size="256"/>
      <Column id="ITEM_NAME" type="STRING" size="256"/>
      <Column id="UNIT_OF_CONTRACT" type="STRING" size="256"/>
      <Column id="DUE_DATE_OF_CONTRACT" type="STRING" size="256"/>
      <Column id="CONTRACT_AMOUNT" type="STRING" size="256"/>
      <Column id="UNIT_PRICE_OF_CONTRACT" type="STRING" size="256"/>
      <Column id="SUM_PRICE_OF_CONTRACT" type="STRING" size="256"/>
      <Column id="MPS_APPLY_STATUS" type="STRING" size="256"/>
      <Column id="DELIVERY_STATUS" type="STRING" size="256"/>
      <Column id="DESCRIPTION" type="STRING" size="256"/>
    </ColumnInfo>
  </Dataset>
  <Dataset id="gds_customer">
    <ColumnInfo>
      <Column id="CUSTOMER_CODE" type="STRING" size="256"/>
      <Column id="WORKPLACE_CODE" type="STRING" size="256"/>
      <Column id="CUSTOMER_NAME" type="STRING" size="256"/>
      <Column id="CUSTOMER_TYPE" type="STRING" size="256"/>
      <Column id="CUSTOMER_CEO" type="STRING" size="256"/>
      <Column id="BUSINESS_LICENSE_NUMBER" type="STRING" size="256"/>
      <Column id="SOCIAL_SECURITY_NUMBER" type="STRING" size="256"/>
      <Column id="CUSTOMER_BUSINESS_CONDITIONS" type="STRING" size="256"/>
      <Column id="CUSTOMER_BUSINESS_ITEMS" type="STRING" size="256"/>
      <Column id="CUSTOMER_ZIP_CODE" type="STRING" size="256"/>
      <Column id="CUSTOMER_BASIC_ADDRESS" type="STRING" size="256"/>
      <Column id="CUSTOMER_DETAIL_ADDRESS" type="STRING" size="256"/>
      <Column id="CUSTOMER_TEL_NUMBER" type="STRING" size="256"/>
      <Column id="CUSTOMER_FAX_NUMBER" type="STRING" size="256"/>
      <Column id="CUSTOMER_NOTE" type="STRING" size="256"/>
    </ColumnInfo>
  </Dataset>
  <Dataset id="gds_mps">
    <ColumnInfo>
      <Column id="MPS_NO" type="STRING" size="256"/>
      <Column id="MPS_PLAN_CLASSIFICATION" type="STRING" size="256"/>
      <Column id="CONTRACT_DETAIL_NO" type="STRING" size="256"/>
      <Column id="SALES_PLAN_NO" type="STRING" size="256"/>
      <Column id="ITEM_CODE" type="STRING" size="256"/>
      <Column id="ITEM_NAME" type="STRING" size="256"/>
      <Column id="UNIT_OF_MPS" type="STRING" size="256"/>
      <Column id="MPS_PLAN_DATE" type="STRING" size="256"/>
      <Column id="MPS_PLAN_AMOUNT" type="STRING" size="256"/>
      <Column id="DUE_DATE_OF_MPS" type="STRING" size="256"/>
      <Column id="SCHEDULED_END_DATE" type="STRING" size="256"/>
      <Column id="MRP_APPLY_STATUS" type="STRING" size="256"/>
      <Column id="DESCRIPTION" type="STRING" size="256"/>
    </ColumnInfo>
  </Dataset>
  <Dataset id="gds_mrp">
    <ColumnInfo>
      <Column id="MRP_NO" type="STRING" size="256"/>
      <Column id="MPS_NO" type="STRING" size="256"/>
      <Column id="MRP_GATHERING_NO" type="STRING" size="256"/>
      <Column id="ITEM_CLASSIFICATION" type="STRING" size="256"/>
      <Column id="ITEM_CODE" type="STRING" size="256"/>
      <Column id="ITEM_NAME" type="STRING" size="256"/>
      <Column id="UNIT_OF_MRP" type="STRING" size="256"/>
      <Column id="REQUIRED_AMOUNT" type="STRING" size="256"/>
      <Column id="ORDER_DATE" type="STRING" size="256"/>
      <Column id="REQUIRED_DATE" type="STRING" size="256"/>
      <Column id="MRP_GATHERING_STATUS" type="STRING" size="256"/>
    </ColumnInfo>
  </Dataset>
  <Dataset id="gds_mrpGathering">
    <ColumnInfo>
      <Column id="MRP_GATHERING_NO" type="STRING" size="256"/>
      <Column id="ORDER_OR_PRODUCTION_STATUS" type="STRING" size="256"/>
      <Column id="ITEM_CODE" type="STRING" size="256"/>
      <Column id="ITEM_NAME" type="STRING" size="256"/>
      <Column id="UNIT_OF_MRP_GATHERING" type="STRING" size="256"/>
      <Column id="NECESSARY_AMOUNT" type="STRING" size="256"/>
      <Column id="DUE_DATE" type="STRING" size="256"/>
      <Column id="CLAIM_DATE" type="STRING" size="256"/>
      <Column id="ON_GOING_PROCESS_STATUS" type="STRING" size="256"/>
    </ColumnInfo>
  </Dataset>
  <Dataset id="gds_bomDeploy">
    <ColumnInfo>
      <Column id="ITEM_CODE" type="STRING" size="256"/>
      <Column id="PARENT_ITEM_CODE" type="STRING" size="256"/>
      <Column id="ITEM_NAME" type="STRING" size="256"/>
      <Column id="LEAD_TIME" type="STRING" size="256"/>
      <Column id="LOSS_RATE" type="STRING" size="256"/>
      <Column id="NET_AMOUNT" type="STRING" size="256"/>
      <Column id="STANDARD_UNIT_PRICE" type="STRING" size="256"/>
      <Column id="PARENT_ITEM_NAME" type="STRING" size="256"/>
      <Column id="ITEM_CLASSIFICATION" type="STRING" size="256"/>
    </ColumnInfo>
  </Dataset>
  <Dataset id="gds_orderInfo">
    <ColumnInfo>
      <Column id="ORDER_NO" type="STRING" size="256"/>
      <Column id="CUSTOMER_CODE" type="STRING" size="256"/>
      <Column id="ORDER_DATE" type="STRING" size="256"/>
      <Column id="PERSON_CODE_IN_CHARGE" type="STRING" size="256"/>
      <Column id="DESCRIPTION" type="STRING" size="256"/>
    </ColumnInfo>
  </Dataset>
  <Dataset id="gds_orderDetail">
    <ColumnInfo>
      <Column id="ORDER_DETAIL_NO" type="STRING" size="256"/>
      <Column id="ORDER_NO" type="STRING" size="256"/>
      <Column id="ITEM_CODE" type="STRING" size="256"/>
      <Column id="ITEM_NAME" type="STRING" size="256"/>
      <Column id="UNIT_OF_ORDER" type="STRING" size="256"/>
      <Column id="DUE_DATE_OF_ORDER" type="STRING" size="256"/>
      <Column id="DELIVERY_SCHEDULE_DATE" type="STRING" size="256"/>
      <Column id="ORDER_AMOUNT" type="STRING" size="256"/>
      <Column id="UNIT_PRICE_OF_ORDER" type="STRING" size="256"/>
      <Column id="SUM_PRICE_OF_ORDER" type="STRING" size="256"/>
      <Column id="DESCRIPTION" type="STRING" size="256"/>
      <Column id="MRP_GATHERING_NO" type="STRING" size="256"/>
      <Column id="ORDER_DETAIL_STATUS" type="STRING" size="256"/>
    </ColumnInfo>
  </Dataset>
  <Dataset id="gds_orderGathering">
    <ColumnInfo>
      <Column id="ITEM_CODE" type="STRING" size="256"/>
      <Column id="ITEM_NAME" type="STRING" size="256"/>
      <Column id="UNIT_OF_ORDER" type="STRING" size="256"/>
      <Column id="DELIVERY_SCHEDULE_DATE" type="STRING" size="256"/>
      <Column id="AMOUNT" type="STRING" size="256"/>
      <Column id="ORDER_AMOUNT" type="STRING" size="256"/>
      <Column id="ORDER_GATHERING_STATUS" type="STRING" size="256"/>
    </ColumnInfo>
  </Dataset>
  <Dataset id="gds_stock">
    <ColumnInfo>
      <Column id="WAREHOUSE_CODE" type="STRING" size="256"/>
      <Column id="ITEM_CODE" type="STRING" size="256"/>
      <Column id="DELIVERY_NO" type="STRING" size="256"/>
      <Column id="PRODUCTION_RESULT_NO" type="STRING" size="256"/>
      <Column id="INPUT_ITEM_NO" type="STRING" size="256"/>
      <Column id="ITEM_NAME" type="STRING" size="256"/>
      <Column id="UNIT_OF_STOCK" type="STRING" size="256"/>
      <Column id="SAFETY_ALLOWANCE_AMOUNT" type="STRING" size="256"/>
      <Column id="STOCK_AMOUNT" type="STRING" size="256"/>
      <Column id="DESCRIPTION" type="STRING" size="256"/>
    </ColumnInfo>
  </Dataset>
  <Dataset id="gds_workInstruction">
    <ColumnInfo>
      <Column id="WORK_INSTRUCTION_NO" type="STRING" size="256"/>
      <Column id="MRP_GATHERING_NO" type="STRING" size="256"/>
      <Column id="ITEM_CODE" type="STRING" size="256"/>
      <Column id="ITEM_NAME" type="STRING" size="256"/>
      <Column id="INSTRUCTION_DATE" type="STRING" size="256"/>
      <Column id="UNIT_OF_WORK_INSTRUCTION" type="STRING" size="256"/>
      <Column id="WORK_INSTRUCTION_AMOUNT" type="STRING" size="256"/>
      <Column id="PRODUCTION_STATUS" type="STRING" size="256"/>
      <Column id="DESCRIPTION" type="STRING" size="256"/>
      <Column id="WORK_INSTRUCTION_STATUS" type="STRING" size="256"/>
    </ColumnInfo>
  </Dataset>
  <Dataset id="gds_materialPayment">
    <ColumnInfo>
      <Column id="ITEM_CODE" type="STRING" size="256"/>
      <Column id="PAYMENT_DATE" type="STRING" size="256"/>
      <Column id="WORK_INSTRUCTION_NO" type="STRING" size="256"/>
      <Column id="ITEM_NAME" type="STRING" size="256"/>
      <Column id="PAYMENT_AMOUNT" type="STRING" size="256"/>
      <Column id="UNIT_PAYMENT" type="STRING" size="256"/>
      <Column id="DESCRIPTION" type="STRING" size="256"/>
    </ColumnInfo>
  </Dataset>
  <Dataset id="gds_prm">
    <ColumnInfo>
      <Column id="PRODUCTION_RESULT_NO" type="STRING" size="256"/>
      <Column id="WORK_INSTRUCTION_NO" type="STRING" size="256"/>
      <Column id="PRODUCTION_DATE" type="STRING" size="256"/>
      <Column id="PRODUCTION_AMOUNT" type="STRING" size="256"/>
      <Column id="ITEM_CODE" type="STRING" size="256"/>
      <Column id="ITEM_NAME" type="STRING" size="256"/>
      <Column id="UNIT_OF_PRODUCTION_RESULT" type="STRING" size="256"/>
      <Column id="DESCRIPTION" type="STRING" size="256"/>
    </ColumnInfo>
  </Dataset>
  <Dataset id="gds_warehousing">
    <ColumnInfo>
      <Column id="ITEM_CODE" type="STRING" size="256"/>
      <Column id="ORDER_NO" type="STRING" size="256"/>
      <Column id="ITEM_NAME" type="STRING" size="256"/>
      <Column id="ORDER_AMOUNT" type="STRING" size="256"/>
      <Column id="WAREHOUSING_AMOUNT" type="STRING" size="256"/>
      <Column id="UNIT_WAREHOUSING" type="STRING" size="256"/>
      <Column id="CUSTOMER" type="STRING" size="256"/>
      <Column id="DESCRIPTION" type="STRING" size="256"/>
      <Column id="WAREHOUSING_DATE" type="STRING" size="256"/>
    </ColumnInfo>
  </Dataset>
  <Dataset id="gds_deliveryResult">
    <ColumnInfo>
      <Column id="DELIVERY_NO" type="STRING" size="256"/>
      <Column id="CONTRACT_DETAIL_NO" type="STRING" size="256"/>
      <Column id="WAREHOUSE_CODE" type="STRING" size="256"/>
      <Column id="ITEM_CODE" type="STRING" size="256"/>
      <Column id="ITEM_NAME" type="STRING" size="256"/>
      <Column id="UNIT_OF_DELIVERY_RESULT" type="STRING" size="256"/>
      <Column id="DELIVERY_DATE" type="STRING" size="256"/>
      <Column id="DELIVERY_AMOUNT" type="STRING" size="256"/>
      <Column id="DESCRIPTION" type="STRING" size="256"/>
      <Column id="CUSTOMER_CODE" type="STRING" size="256"/>
    </ColumnInfo>
  </Dataset>
  <Dataset id="gds_mrpOpenTemp">
    <ColumnInfo>
      <Column id="MPS_NO" type="STRING" size="256"/>
      <Column id="BOM_NO" type="STRING" size="256"/>
      <Column id="ITEM_CLASSIFICATION" type="STRING" size="256"/>
      <Column id="ITEM_CODE" type="STRING" size="256"/>
      <Column id="ITEM_NAME" type="STRING" size="256"/>
      <Column id="UNIT_OF_MRP" type="STRING" size="256"/>
      <Column id="PLAN_AMOUNT" type="STRING" size="256"/>
      <Column id="ORDER_DATE" type="STRING" size="256"/>
      <Column id="REQUIRED_DATE" type="STRING" size="256"/>
      <Column id="TOTAL_LOSS_RATE" type="STRING" size="256"/>
      <Column id="CACULATED_AMOUNT" type="STRING" size="256"/>
      <Column id="REQUIRED_AMOUNT" type="STRING" size="256"/>
    </ColumnInfo>
  </Dataset>
  <Dataset id="gds_mrpGathering2">
    <ColumnInfo>
      <Column id="MRP_GATHERING_NO" type="STRING" size="256"/>
      <Column id="ORDER_OR_PRODUCTION_STATUS" type="STRING" size="256"/>
      <Column id="ITEM_CODE" type="STRING" size="256"/>
      <Column id="ITEM_NAME" type="STRING" size="256"/>
      <Column id="UNIT_OF_MRP_GATHERING" type="STRING" size="256"/>
      <Column id="NECESSARY_AMOUNT" type="STRING" size="256"/>
      <Column id="DUE_DATE" type="STRING" size="256"/>
      <Column id="CLAIM_DATE" type="STRING" size="256"/>
      <Column id="MRP_NO" type="STRING" size="256"/>
    </ColumnInfo>
  </Dataset>
  <Dataset id="gds_post">
    <ColumnInfo>
      <Column id="ZIP_NO" type="STRING" size="256"/>
      <Column id="LNM_ADRES" type="STRING" size="256"/>
      <Column id="RN_ADRES" type="STRING" size="256"/>
    </ColumnInfo>
  </Dataset>
  <Dataset id="gds_pm">
    <ColumnInfo>
      <Column id="DATA_TIME" type="STRING" size="256"/>
      <Column id="PM10VALUE" type="STRING" size="256"/>
      <Column id="PM25VALUE" type="STRING" size="256"/>
      <Column id="KHAI_VALUE" type="STRING" size="256"/>
      <Column id="KHAI_GRADE" type="STRING" size="256"/>
    </ColumnInfo>
  </Dataset>
  <Dataset id="gds_location">
    <ColumnInfo>
      <Column id="SIDO" type="STRING" size="256"/>
      <Column id="GUGUN" type="STRING" size="256"/>
    </ColumnInfo>
    <Rows>
      <Row>
        <Col id="SIDO">서울</Col>
        <Col id="GUGUN">강남구</Col>
      </Row>
      <Row>
        <Col id="SIDO">서울</Col>
        <Col id="GUGUN">강동구</Col>
      </Row>
      <Row>
        <Col id="SIDO">서울</Col>
        <Col id="GUGUN">강북구</Col>
      </Row>
      <Row>
        <Col id="SIDO">서울</Col>
        <Col id="GUGUN">강서구</Col>
      </Row>
      <Row>
        <Col id="SIDO">서울</Col>
        <Col id="GUGUN">관악구</Col>
      </Row>
      <Row>
        <Col id="SIDO">서울</Col>
        <Col id="GUGUN">광진구</Col>
      </Row>
      <Row>
        <Col id="SIDO">서울</Col>
        <Col id="GUGUN">구로구</Col>
      </Row>
      <Row>
        <Col id="SIDO">서울</Col>
        <Col id="GUGUN">금천구</Col>
      </Row>
      <Row>
        <Col id="SIDO">서울</Col>
        <Col id="GUGUN">노원구</Col>
      </Row>
      <Row>
        <Col id="SIDO">서울</Col>
        <Col id="GUGUN">도봉구</Col>
      </Row>
      <Row>
        <Col id="SIDO">서울</Col>
        <Col id="GUGUN">동대문구</Col>
      </Row>
      <Row>
        <Col id="SIDO">서울</Col>
        <Col id="GUGUN">동작구</Col>
      </Row>
      <Row>
        <Col id="SIDO">서울</Col>
        <Col id="GUGUN">마포구</Col>
      </Row>
      <Row>
        <Col id="SIDO">서울</Col>
        <Col id="GUGUN">서대문구</Col>
      </Row>
      <Row>
        <Col id="SIDO">서울</Col>
        <Col id="GUGUN">서초구</Col>
      </Row>
      <Row>
        <Col id="SIDO">서울</Col>
        <Col id="GUGUN">성동구</Col>
      </Row>
      <Row>
        <Col id="SIDO">서울</Col>
        <Col id="GUGUN">성북구</Col>
      </Row>
      <Row>
        <Col id="SIDO">서울</Col>
        <Col id="GUGUN">송파구</Col>
      </Row>
      <Row>
        <Col id="SIDO">서울</Col>
        <Col id="GUGUN">양천구</Col>
      </Row>
      <Row>
        <Col id="SIDO">서울</Col>
        <Col id="GUGUN">영등포구</Col>
      </Row>
      <Row>
        <Col id="SIDO">서울</Col>
        <Col id="GUGUN">용산구</Col>
      </Row>
      <Row>
        <Col id="SIDO">서울</Col>
        <Col id="GUGUN">은평구</Col>
      </Row>
      <Row>
        <Col id="SIDO">서울</Col>
        <Col id="GUGUN">종로구</Col>
      </Row>
      <Row>
        <Col id="SIDO">서울</Col>
        <Col id="GUGUN">중구</Col>
      </Row>
      <Row>
        <Col id="SIDO">서울</Col>
        <Col id="GUGUN">중랑구</Col>
      </Row>
      <Row>
        <Col id="SIDO">경기</Col>
        <Col id="GUGUN">가평</Col>
      </Row>
      <Row>
        <Col id="SIDO">경기</Col>
        <Col id="GUGUN">경안동</Col>
      </Row>
      <Row>
        <Col id="SIDO">경기</Col>
        <Col id="GUGUN">고색동</Col>
      </Row>
      <Row>
        <Col id="SIDO">경기</Col>
        <Col id="GUGUN">고읍</Col>
      </Row>
      <Row>
        <Col id="SIDO">경기</Col>
        <Col id="GUGUN">고잔동</Col>
      </Row>
      <Row>
        <Col id="SIDO">경기</Col>
        <Col id="GUGUN">고천동</Col>
      </Row>
      <Row>
        <Col id="SIDO">경기</Col>
        <Col id="GUGUN">고촌읍</Col>
      </Row>
      <Row>
        <Col id="SIDO">경기</Col>
        <Col id="GUGUN">과천동</Col>
      </Row>
      <Row>
        <Col id="SIDO">경기</Col>
        <Col id="GUGUN">광교동</Col>
      </Row>
      <Row>
        <Col id="SIDO">경기</Col>
        <Col id="GUGUN">교문동</Col>
      </Row>
      <Row>
        <Col id="SIDO">경기</Col>
        <Col id="GUGUN">금곡동</Col>
      </Row>
      <Row>
        <Col id="SIDO">경기</Col>
        <Col id="GUGUN">금촌동</Col>
      </Row>
      <Row>
        <Col id="SIDO">경기</Col>
        <Col id="GUGUN">기흥</Col>
      </Row>
      <Row>
        <Col id="SIDO">경기</Col>
        <Col id="GUGUN">김량장동</Col>
      </Row>
      <Row>
        <Col id="SIDO">경기</Col>
        <Col id="GUGUN">남양읍</Col>
      </Row>
      <Row>
        <Col id="SIDO">경기</Col>
        <Col id="GUGUN">내동</Col>
      </Row>
      <Row>
        <Col id="SIDO">경기</Col>
        <Col id="GUGUN">단대동</Col>
      </Row>
      <Row>
        <Col id="SIDO">경기</Col>
        <Col id="GUGUN">당동</Col>
      </Row>
      <Row>
        <Col id="SIDO">경기</Col>
        <Col id="GUGUN">대부동</Col>
      </Row>
      <Row>
        <Col id="SIDO">경기</Col>
        <Col id="GUGUN">대야동</Col>
      </Row>
      <Row>
        <Col id="SIDO">경기</Col>
        <Col id="GUGUN">동구동</Col>
      </Row>
      <Row>
        <Col id="SIDO">경기</Col>
        <Col id="GUGUN">동탄</Col>
      </Row>
      <Row>
        <Col id="SIDO">경기</Col>
        <Col id="GUGUN">백석읍</Col>
      </Row>
      <Row>
        <Col id="SIDO">경기</Col>
        <Col id="GUGUN">별내동</Col>
      </Row>
      <Row>
        <Col id="SIDO">경기</Col>
        <Col id="GUGUN">별양동</Col>
      </Row>
      <Row>
        <Col id="SIDO">경기</Col>
        <Col id="GUGUN">보산동</Col>
      </Row>
      <Row>
        <Col id="SIDO">경기</Col>
        <Col id="GUGUN">복정동</Col>
      </Row>
      <Row>
        <Col id="SIDO">경기</Col>
        <Col id="GUGUN">본오동</Col>
      </Row>
      <Row>
        <Col id="SIDO">경기</Col>
        <Col id="GUGUN">봉산동</Col>
      </Row>
      <Row>
        <Col id="SIDO">경기</Col>
        <Col id="GUGUN">부곡3동</Col>
      </Row>
      <Row>
        <Col id="SIDO">경기</Col>
        <Col id="GUGUN">부곡동1</Col>
      </Row>
      <Row>
        <Col id="SIDO">경기</Col>
        <Col id="GUGUN">부림동</Col>
      </Row>
      <Row>
        <Col id="SIDO">경기</Col>
        <Col id="GUGUN">비전동</Col>
      </Row>
      <Row>
        <Col id="SIDO">경기</Col>
        <Col id="GUGUN">사우동</Col>
      </Row>
      <Row>
        <Col id="SIDO">경기</Col>
        <Col id="GUGUN">산본동</Col>
      </Row>
      <Row>
        <Col id="SIDO">경기</Col>
        <Col id="GUGUN">상대원동</Col>
      </Row>
      <Row>
        <Col id="SIDO">경기</Col>
        <Col id="GUGUN">선단동</Col>
      </Row>
      <Row>
        <Col id="SIDO">경기</Col>
        <Col id="GUGUN">소사본동</Col>
      </Row>
      <Row>
        <Col id="SIDO">경기</Col>
        <Col id="GUGUN">소하동</Col>
      </Row>
      <Row>
        <Col id="SIDO">경기</Col>
        <Col id="GUGUN">송북동</Col>
      </Row>
      <Row>
        <Col id="SIDO">경기</Col>
        <Col id="GUGUN">수내동</Col>
      </Row>
      <Row>
        <Col id="SIDO">경기</Col>
        <Col id="GUGUN">수지</Col>
      </Row>
      <Row>
        <Col id="SIDO">경기</Col>
        <Col id="GUGUN">시화산단</Col>
      </Row>
      <Row>
        <Col id="SIDO">경기</Col>
        <Col id="GUGUN">식사동</Col>
      </Row>
      <Row>
        <Col id="SIDO">경기</Col>
        <Col id="GUGUN">신원동</Col>
      </Row>
      <Row>
        <Col id="SIDO">경기</Col>
        <Col id="GUGUN">신장동</Col>
      </Row>
      <Row>
        <Col id="SIDO">경기</Col>
        <Col id="GUGUN">신풍동</Col>
      </Row>
      <Row>
        <Col id="SIDO">경기</Col>
        <Col id="GUGUN">안양2동</Col>
      </Row>
      <Row>
        <Col id="SIDO">경기</Col>
        <Col id="GUGUN">안양6동</Col>
      </Row>
      <Row>
        <Col id="SIDO">경기</Col>
        <Col id="GUGUN">안중</Col>
      </Row>
      <Row>
        <Col id="SIDO">경기</Col>
        <Col id="GUGUN">양평</Col>
      </Row>
      <Row>
        <Col id="SIDO">경기</Col>
        <Col id="GUGUN">여주</Col>
      </Row>
      <Row>
        <Col id="SIDO">경기</Col>
        <Col id="GUGUN">연천</Col>
      </Row>
      <Row>
        <Col id="SIDO">경기</Col>
        <Col id="GUGUN">영통동</Col>
      </Row>
      <Row>
        <Col id="SIDO">경기</Col>
        <Col id="GUGUN">오남읍</Col>
      </Row>
      <Row>
        <Col id="SIDO">경기</Col>
        <Col id="GUGUN">오산동</Col>
      </Row>
      <Row>
        <Col id="SIDO">경기</Col>
        <Col id="GUGUN">오정동</Col>
      </Row>
      <Row>
        <Col id="SIDO">경기</Col>
        <Col id="GUGUN">우정읍</Col>
      </Row>
      <Row>
        <Col id="SIDO">경기</Col>
        <Col id="GUGUN">운정</Col>
      </Row>
      <Row>
        <Col id="SIDO">경기</Col>
        <Col id="GUGUN">운중동</Col>
      </Row>
      <Row>
        <Col id="SIDO">경기</Col>
        <Col id="GUGUN">원곡동</Col>
      </Row>
      <Row>
        <Col id="SIDO">경기</Col>
        <Col id="GUGUN">원시동</Col>
      </Row>
      <Row>
        <Col id="SIDO">경기</Col>
        <Col id="GUGUN">의정부1동</Col>
      </Row>
      <Row>
        <Col id="SIDO">경기</Col>
        <Col id="GUGUN">의정부동</Col>
      </Row>
      <Row>
        <Col id="SIDO">경기</Col>
        <Col id="GUGUN">인계동</Col>
      </Row>
      <Row>
        <Col id="SIDO">경기</Col>
        <Col id="GUGUN">일동면</Col>
      </Row>
      <Row>
        <Col id="SIDO">경기</Col>
        <Col id="GUGUN">장호원읍</Col>
      </Row>
      <Row>
        <Col id="SIDO">경기</Col>
        <Col id="GUGUN">정왕동</Col>
      </Row>
      <Row>
        <Col id="SIDO">경기</Col>
        <Col id="GUGUN">정자동</Col>
      </Row>
      <Row>
        <Col id="SIDO">경기</Col>
        <Col id="GUGUN">주엽동</Col>
      </Row>
      <Row>
        <Col id="SIDO">경기</Col>
        <Col id="GUGUN">중2동</Col>
      </Row>
      <Row>
        <Col id="SIDO">경기</Col>
        <Col id="GUGUN">창전동</Col>
      </Row>
      <Row>
        <Col id="SIDO">경기</Col>
        <Col id="GUGUN">천천동</Col>
      </Row>
      <Row>
        <Col id="SIDO">경기</Col>
        <Col id="GUGUN">철산동</Col>
      </Row>
      <Row>
        <Col id="SIDO">경기</Col>
        <Col id="GUGUN">청계동</Col>
      </Row>
      <Row>
        <Col id="SIDO">경기</Col>
        <Col id="GUGUN">통진읍</Col>
      </Row>
      <Row>
        <Col id="SIDO">경기</Col>
        <Col id="GUGUN">평택항</Col>
      </Row>
      <Row>
        <Col id="SIDO">경기</Col>
        <Col id="GUGUN">행신동</Col>
      </Row>
      <Row>
        <Col id="SIDO">경기</Col>
        <Col id="GUGUN">향남읍</Col>
      </Row>
      <Row>
        <Col id="SIDO">경기</Col>
        <Col id="GUGUN">호계동</Col>
      </Row>
      <Row>
        <Col id="SIDO">경기</Col>
        <Col id="GUGUN">호수동</Col>
      </Row>
      <Row>
        <Col id="SIDO">경기</Col>
        <Col id="GUGUN">화도읍</Col>
      </Row>
      <Row>
        <Col id="SIDO">인천</Col>
        <Col id="GUGUN">검단</Col>
      </Row>
      <Row>
        <Col id="SIDO">인천</Col>
        <Col id="GUGUN">계산</Col>
      </Row>
      <Row>
        <Col id="SIDO">인천</Col>
        <Col id="GUGUN">고잔</Col>
      </Row>
      <Row>
        <Col id="SIDO">인천</Col>
        <Col id="GUGUN">구월동</Col>
      </Row>
      <Row>
        <Col id="SIDO">인천</Col>
        <Col id="GUGUN">논현</Col>
      </Row>
      <Row>
        <Col id="SIDO">인천</Col>
        <Col id="GUGUN">동춘</Col>
      </Row>
      <Row>
        <Col id="SIDO">인천</Col>
        <Col id="GUGUN">부평</Col>
      </Row>
      <Row>
        <Col id="SIDO">인천</Col>
        <Col id="GUGUN">석남</Col>
      </Row>
      <Row>
        <Col id="SIDO">인천</Col>
        <Col id="GUGUN">송도</Col>
      </Row>
      <Row>
        <Col id="SIDO">인천</Col>
        <Col id="GUGUN">송림</Col>
      </Row>
      <Row>
        <Col id="SIDO">인천</Col>
        <Col id="GUGUN">송해</Col>
      </Row>
      <Row>
        <Col id="SIDO">인천</Col>
        <Col id="GUGUN">숭의</Col>
      </Row>
      <Row>
        <Col id="SIDO">인천</Col>
        <Col id="GUGUN">신흥</Col>
      </Row>
      <Row>
        <Col id="SIDO">인천</Col>
        <Col id="GUGUN">연희</Col>
      </Row>
      <Row>
        <Col id="SIDO">인천</Col>
        <Col id="GUGUN">운서</Col>
      </Row>
      <Row>
        <Col id="SIDO">인천</Col>
        <Col id="GUGUN">원당</Col>
      </Row>
      <Row>
        <Col id="SIDO">인천</Col>
        <Col id="GUGUN">청라</Col>
      </Row>
      <Row>
        <Col id="SIDO">강원</Col>
        <Col id="GUGUN">남양동1</Col>
      </Row>
      <Row>
        <Col id="SIDO">강원</Col>
        <Col id="GUGUN">명륜동(강원)</Col>
      </Row>
      <Row>
        <Col id="SIDO">강원</Col>
        <Col id="GUGUN">문막읍</Col>
      </Row>
      <Row>
        <Col id="SIDO">강원</Col>
        <Col id="GUGUN">상리</Col>
      </Row>
      <Row>
        <Col id="SIDO">강원</Col>
        <Col id="GUGUN">석사동</Col>
      </Row>
      <Row>
        <Col id="SIDO">강원</Col>
        <Col id="GUGUN">속초시(금호동)</Col>
      </Row>
      <Row>
        <Col id="SIDO">강원</Col>
        <Col id="GUGUN">양구읍</Col>
      </Row>
      <Row>
        <Col id="SIDO">강원</Col>
        <Col id="GUGUN">양양군</Col>
      </Row>
      <Row>
        <Col id="SIDO">강원</Col>
        <Col id="GUGUN">영월읍</Col>
      </Row>
      <Row>
        <Col id="SIDO">강원</Col>
        <Col id="GUGUN">옥천동</Col>
      </Row>
      <Row>
        <Col id="SIDO">강원</Col>
        <Col id="GUGUN">정선읍</Col>
      </Row>
      <Row>
        <Col id="SIDO">강원</Col>
        <Col id="GUGUN">중앙동(원주)</Col>
      </Row>
      <Row>
        <Col id="SIDO">강원</Col>
        <Col id="GUGUN">중앙로</Col>
      </Row>
      <Row>
        <Col id="SIDO">강원</Col>
        <Col id="GUGUN">천곡동</Col>
      </Row>
      <Row>
        <Col id="SIDO">강원</Col>
        <Col id="GUGUN">철원군</Col>
      </Row>
      <Row>
        <Col id="SIDO">강원</Col>
        <Col id="GUGUN">평창읍</Col>
      </Row>
      <Row>
        <Col id="SIDO">강원</Col>
        <Col id="GUGUN">횡성군</Col>
      </Row>
      <Row>
        <Col id="SIDO">충남</Col>
        <Col id="GUGUN">공주</Col>
      </Row>
      <Row>
        <Col id="SIDO">충남</Col>
        <Col id="GUGUN">금산읍</Col>
      </Row>
      <Row>
        <Col id="SIDO">충남</Col>
        <Col id="GUGUN">논산</Col>
      </Row>
      <Row>
        <Col id="SIDO">충남</Col>
        <Col id="GUGUN">당진시청사</Col>
      </Row>
      <Row>
        <Col id="SIDO">충남</Col>
        <Col id="GUGUN">대산리</Col>
      </Row>
      <Row>
        <Col id="SIDO">충남</Col>
        <Col id="GUGUN">대천2동</Col>
      </Row>
      <Row>
        <Col id="SIDO">충남</Col>
        <Col id="GUGUN">도고면</Col>
      </Row>
      <Row>
        <Col id="SIDO">충남</Col>
        <Col id="GUGUN">독곶리</Col>
      </Row>
      <Row>
        <Col id="SIDO">충남</Col>
        <Col id="GUGUN">동문동</Col>
      </Row>
      <Row>
        <Col id="SIDO">충남</Col>
        <Col id="GUGUN">둔포면</Col>
      </Row>
      <Row>
        <Col id="SIDO">충남</Col>
        <Col id="GUGUN">모종동</Col>
      </Row>
      <Row>
        <Col id="SIDO">충남</Col>
        <Col id="GUGUN">배방읍</Col>
      </Row>
      <Row>
        <Col id="SIDO">충남</Col>
        <Col id="GUGUN">백석동</Col>
      </Row>
      <Row>
        <Col id="SIDO">충남</Col>
        <Col id="GUGUN">부여읍</Col>
      </Row>
      <Row>
        <Col id="SIDO">충남</Col>
        <Col id="GUGUN">서면</Col>
      </Row>
      <Row>
        <Col id="SIDO">충남</Col>
        <Col id="GUGUN">서천읍</Col>
      </Row>
      <Row>
        <Col id="SIDO">충남</Col>
        <Col id="GUGUN">성거읍</Col>
      </Row>
      <Row>
        <Col id="SIDO">충남</Col>
        <Col id="GUGUN">성황동</Col>
      </Row>
      <Row>
        <Col id="SIDO">충남</Col>
        <Col id="GUGUN">송산면</Col>
      </Row>
      <Row>
        <Col id="SIDO">충남</Col>
        <Col id="GUGUN">엄사면</Col>
      </Row>
      <Row>
        <Col id="SIDO">충남</Col>
        <Col id="GUGUN">예산군</Col>
      </Row>
      <Row>
        <Col id="SIDO">충남</Col>
        <Col id="GUGUN">이원면</Col>
      </Row>
      <Row>
        <Col id="SIDO">충남</Col>
        <Col id="GUGUN">인주면</Col>
      </Row>
      <Row>
        <Col id="SIDO">충남</Col>
        <Col id="GUGUN">주교면</Col>
      </Row>
      <Row>
        <Col id="SIDO">충남</Col>
        <Col id="GUGUN">청양읍</Col>
      </Row>
      <Row>
        <Col id="SIDO">충남</Col>
        <Col id="GUGUN">태안읍</Col>
      </Row>
      <Row>
        <Col id="SIDO">충남</Col>
        <Col id="GUGUN">홍성읍</Col>
      </Row>
      <Row>
        <Col id="SIDO">충북</Col>
        <Col id="GUGUN">매포읍</Col>
      </Row>
      <Row>
        <Col id="SIDO">충북</Col>
        <Col id="GUGUN">문화동</Col>
      </Row>
      <Row>
        <Col id="SIDO">충북</Col>
        <Col id="GUGUN">보은읍</Col>
      </Row>
      <Row>
        <Col id="SIDO">충북</Col>
        <Col id="GUGUN">사천동</Col>
      </Row>
      <Row>
        <Col id="SIDO">충북</Col>
        <Col id="GUGUN">송정동(봉명동)</Col>
      </Row>
      <Row>
        <Col id="SIDO">충북</Col>
        <Col id="GUGUN">영동읍</Col>
      </Row>
      <Row>
        <Col id="SIDO">충북</Col>
        <Col id="GUGUN">오창읍</Col>
      </Row>
      <Row>
        <Col id="SIDO">충북</Col>
        <Col id="GUGUN">옥천읍</Col>
      </Row>
      <Row>
        <Col id="SIDO">충북</Col>
        <Col id="GUGUN">용암동</Col>
      </Row>
      <Row>
        <Col id="SIDO">충북</Col>
        <Col id="GUGUN">장락동</Col>
      </Row>
      <Row>
        <Col id="SIDO">충북</Col>
        <Col id="GUGUN">증평읍</Col>
      </Row>
      <Row>
        <Col id="SIDO">충북</Col>
        <Col id="GUGUN">진천읍</Col>
      </Row>
      <Row>
        <Col id="SIDO">충북</Col>
        <Col id="GUGUN">칠금동</Col>
      </Row>
      <Row>
        <Col id="SIDO">충북</Col>
        <Col id="GUGUN">호암동</Col>
      </Row>
      <Row>
        <Col id="SIDO">세종</Col>
        <Col id="GUGUN">부강면</Col>
      </Row>
      <Row>
        <Col id="SIDO">세종</Col>
        <Col id="GUGUN">신흥동</Col>
      </Row>
      <Row>
        <Col id="SIDO">세종</Col>
        <Col id="GUGUN">아름동</Col>
      </Row>
      <Row>
        <Col id="SIDO">세종</Col>
        <Col id="GUGUN">한솔동</Col>
      </Row>
      <Row>
        <Col id="SIDO">대전</Col>
        <Col id="GUGUN">구성동</Col>
      </Row>
      <Row>
        <Col id="SIDO">대전</Col>
        <Col id="GUGUN">노은동</Col>
      </Row>
      <Row>
        <Col id="SIDO">대전</Col>
        <Col id="GUGUN">대성동</Col>
      </Row>
      <Row>
        <Col id="SIDO">대전</Col>
        <Col id="GUGUN">둔산동</Col>
      </Row>
      <Row>
        <Col id="SIDO">대전</Col>
        <Col id="GUGUN">문창동</Col>
      </Row>
      <Row>
        <Col id="SIDO">대전</Col>
        <Col id="GUGUN">문평동</Col>
      </Row>
      <Row>
        <Col id="SIDO">대전</Col>
        <Col id="GUGUN">상대동(대전)</Col>
      </Row>
      <Row>
        <Col id="SIDO">대전</Col>
        <Col id="GUGUN">성남동1</Col>
      </Row>
      <Row>
        <Col id="SIDO">대전</Col>
        <Col id="GUGUN">읍내동</Col>
      </Row>
      <Row>
        <Col id="SIDO">대전</Col>
        <Col id="GUGUN">정림동</Col>
      </Row>
      <Row>
        <Col id="SIDO">경북</Col>
        <Col id="GUGUN">3공단</Col>
      </Row>
      <Row>
        <Col id="SIDO">경북</Col>
        <Col id="GUGUN">4공단</Col>
      </Row>
      <Row>
        <Col id="SIDO">경북</Col>
        <Col id="GUGUN">공단동</Col>
      </Row>
      <Row>
        <Col id="SIDO">경북</Col>
        <Col id="GUGUN">대도동</Col>
      </Row>
      <Row>
        <Col id="SIDO">경북</Col>
        <Col id="GUGUN">대송면</Col>
      </Row>
      <Row>
        <Col id="SIDO">경북</Col>
        <Col id="GUGUN">명륜동(경북)</Col>
      </Row>
      <Row>
        <Col id="SIDO">경북</Col>
        <Col id="GUGUN">문당동</Col>
      </Row>
      <Row>
        <Col id="SIDO">경북</Col>
        <Col id="GUGUN">상주시</Col>
      </Row>
      <Row>
        <Col id="SIDO">경북</Col>
        <Col id="GUGUN">성건동</Col>
      </Row>
      <Row>
        <Col id="SIDO">경북</Col>
        <Col id="GUGUN">영천시</Col>
      </Row>
      <Row>
        <Col id="SIDO">경북</Col>
        <Col id="GUGUN">원평동</Col>
      </Row>
      <Row>
        <Col id="SIDO">경북</Col>
        <Col id="GUGUN">장량동</Col>
      </Row>
      <Row>
        <Col id="SIDO">경북</Col>
        <Col id="GUGUN">장흥동</Col>
      </Row>
      <Row>
        <Col id="SIDO">경북</Col>
        <Col id="GUGUN">중방동</Col>
      </Row>
      <Row>
        <Col id="SIDO">경북</Col>
        <Col id="GUGUN">칠곡군</Col>
      </Row>
      <Row>
        <Col id="SIDO">경북</Col>
        <Col id="GUGUN">형곡동</Col>
      </Row>
      <Row>
        <Col id="SIDO">경북</Col>
        <Col id="GUGUN">휴천동</Col>
      </Row>
      <Row>
        <Col id="SIDO">대구</Col>
        <Col id="GUGUN">노원동</Col>
      </Row>
      <Row>
        <Col id="SIDO">대구</Col>
        <Col id="GUGUN">대명동</Col>
      </Row>
      <Row>
        <Col id="SIDO">대구</Col>
        <Col id="GUGUN">만촌동</Col>
      </Row>
      <Row>
        <Col id="SIDO">대구</Col>
        <Col id="GUGUN">서호동</Col>
      </Row>
      <Row>
        <Col id="SIDO">대구</Col>
        <Col id="GUGUN">수창동</Col>
      </Row>
      <Row>
        <Col id="SIDO">대구</Col>
        <Col id="GUGUN">시지동</Col>
      </Row>
      <Row>
        <Col id="SIDO">대구</Col>
        <Col id="GUGUN">신암동</Col>
      </Row>
      <Row>
        <Col id="SIDO">대구</Col>
        <Col id="GUGUN">이현동</Col>
      </Row>
      <Row>
        <Col id="SIDO">대구</Col>
        <Col id="GUGUN">지산동</Col>
      </Row>
      <Row>
        <Col id="SIDO">대구</Col>
        <Col id="GUGUN">진천동</Col>
      </Row>
      <Row>
        <Col id="SIDO">대구</Col>
        <Col id="GUGUN">태전동</Col>
      </Row>
      <Row>
        <Col id="SIDO">대구</Col>
        <Col id="GUGUN">현풍읍</Col>
      </Row>
      <Row>
        <Col id="SIDO">대구</Col>
        <Col id="GUGUN">호림동</Col>
      </Row>
      <Row>
        <Col id="SIDO">울산</Col>
        <Col id="GUGUN">농소동</Col>
      </Row>
      <Row>
        <Col id="SIDO">울산</Col>
        <Col id="GUGUN">대송동</Col>
      </Row>
      <Row>
        <Col id="SIDO">울산</Col>
        <Col id="GUGUN">덕신리</Col>
      </Row>
      <Row>
        <Col id="SIDO">울산</Col>
        <Col id="GUGUN">무거동</Col>
      </Row>
      <Row>
        <Col id="SIDO">울산</Col>
        <Col id="GUGUN">부곡동(울산)</Col>
      </Row>
      <Row>
        <Col id="SIDO">울산</Col>
        <Col id="GUGUN">삼남면</Col>
      </Row>
      <Row>
        <Col id="SIDO">울산</Col>
        <Col id="GUGUN">삼산동</Col>
      </Row>
      <Row>
        <Col id="SIDO">울산</Col>
        <Col id="GUGUN">상남리</Col>
      </Row>
      <Row>
        <Col id="SIDO">울산</Col>
        <Col id="GUGUN">성남동</Col>
      </Row>
      <Row>
        <Col id="SIDO">울산</Col>
        <Col id="GUGUN">신정동</Col>
      </Row>
      <Row>
        <Col id="SIDO">울산</Col>
        <Col id="GUGUN">야음동</Col>
      </Row>
      <Row>
        <Col id="SIDO">울산</Col>
        <Col id="GUGUN">약사동</Col>
      </Row>
      <Row>
        <Col id="SIDO">울산</Col>
        <Col id="GUGUN">여천동(울산)</Col>
      </Row>
      <Row>
        <Col id="SIDO">울산</Col>
        <Col id="GUGUN">전하동</Col>
      </Row>
      <Row>
        <Col id="SIDO">울산</Col>
        <Col id="GUGUN">화산리</Col>
      </Row>
      <Row>
        <Col id="SIDO">울산</Col>
        <Col id="GUGUN">효문동</Col>
      </Row>
      <Row>
        <Col id="SIDO">경남</Col>
        <Col id="GUGUN">가야읍</Col>
      </Row>
      <Row>
        <Col id="SIDO">경남</Col>
        <Col id="GUGUN">가음정동</Col>
      </Row>
      <Row>
        <Col id="SIDO">경남</Col>
        <Col id="GUGUN">거창읍</Col>
      </Row>
      <Row>
        <Col id="SIDO">경남</Col>
        <Col id="GUGUN">경화동</Col>
      </Row>
      <Row>
        <Col id="SIDO">경남</Col>
        <Col id="GUGUN">고성읍</Col>
      </Row>
      <Row>
        <Col id="SIDO">경남</Col>
        <Col id="GUGUN">남해읍</Col>
      </Row>
      <Row>
        <Col id="SIDO">경남</Col>
        <Col id="GUGUN">내일동</Col>
      </Row>
      <Row>
        <Col id="SIDO">경남</Col>
        <Col id="GUGUN">대안동</Col>
      </Row>
      <Row>
        <Col id="SIDO">경남</Col>
        <Col id="GUGUN">동상동</Col>
      </Row>
      <Row>
        <Col id="SIDO">경남</Col>
        <Col id="GUGUN">명서동</Col>
      </Row>
      <Row>
        <Col id="SIDO">경남</Col>
        <Col id="GUGUN">무전동</Col>
      </Row>
      <Row>
        <Col id="SIDO">경남</Col>
        <Col id="GUGUN">봉암동</Col>
      </Row>
      <Row>
        <Col id="SIDO">경남</Col>
        <Col id="GUGUN">북부동</Col>
      </Row>
      <Row>
        <Col id="SIDO">경남</Col>
        <Col id="GUGUN">사천읍</Col>
      </Row>
      <Row>
        <Col id="SIDO">경남</Col>
        <Col id="GUGUN">사파동</Col>
      </Row>
      <Row>
        <Col id="SIDO">경남</Col>
        <Col id="GUGUN">삼방동</Col>
      </Row>
      <Row>
        <Col id="SIDO">경남</Col>
        <Col id="GUGUN">상대동</Col>
      </Row>
      <Row>
        <Col id="SIDO">경남</Col>
        <Col id="GUGUN">상봉동</Col>
      </Row>
      <Row>
        <Col id="SIDO">경남</Col>
        <Col id="GUGUN">아주동</Col>
      </Row>
      <Row>
        <Col id="SIDO">경남</Col>
        <Col id="GUGUN">용지동</Col>
      </Row>
      <Row>
        <Col id="SIDO">경남</Col>
        <Col id="GUGUN">웅남동</Col>
      </Row>
      <Row>
        <Col id="SIDO">경남</Col>
        <Col id="GUGUN">웅상읍</Col>
      </Row>
      <Row>
        <Col id="SIDO">경남</Col>
        <Col id="GUGUN">장유동</Col>
      </Row>
      <Row>
        <Col id="SIDO">경남</Col>
        <Col id="GUGUN">하동읍</Col>
      </Row>
      <Row>
        <Col id="SIDO">경남</Col>
        <Col id="GUGUN">함양읍</Col>
      </Row>
      <Row>
        <Col id="SIDO">경남</Col>
        <Col id="GUGUN">회원동</Col>
      </Row>
      <Row>
        <Col id="SIDO">부산</Col>
        <Col id="GUGUN">광복동</Col>
      </Row>
      <Row>
        <Col id="SIDO">부산</Col>
        <Col id="GUGUN">광안동</Col>
      </Row>
      <Row>
        <Col id="SIDO">부산</Col>
        <Col id="GUGUN">기장읍</Col>
      </Row>
      <Row>
        <Col id="SIDO">부산</Col>
        <Col id="GUGUN">녹산동</Col>
      </Row>
      <Row>
        <Col id="SIDO">부산</Col>
        <Col id="GUGUN">대신동</Col>
      </Row>
      <Row>
        <Col id="SIDO">부산</Col>
        <Col id="GUGUN">대연동</Col>
      </Row>
      <Row>
        <Col id="SIDO">부산</Col>
        <Col id="GUGUN">대저동</Col>
      </Row>
      <Row>
        <Col id="SIDO">부산</Col>
        <Col id="GUGUN">덕천동</Col>
      </Row>
      <Row>
        <Col id="SIDO">부산</Col>
        <Col id="GUGUN">덕포동</Col>
      </Row>
      <Row>
        <Col id="SIDO">부산</Col>
        <Col id="GUGUN">명장동</Col>
      </Row>
      <Row>
        <Col id="SIDO">부산</Col>
        <Col id="GUGUN">부곡동</Col>
      </Row>
      <Row>
        <Col id="SIDO">부산</Col>
        <Col id="GUGUN">수정동</Col>
      </Row>
      <Row>
        <Col id="SIDO">부산</Col>
        <Col id="GUGUN">연산동</Col>
      </Row>
      <Row>
        <Col id="SIDO">부산</Col>
        <Col id="GUGUN">용수리</Col>
      </Row>
      <Row>
        <Col id="SIDO">부산</Col>
        <Col id="GUGUN">장림동</Col>
      </Row>
      <Row>
        <Col id="SIDO">부산</Col>
        <Col id="GUGUN">전포동</Col>
      </Row>
      <Row>
        <Col id="SIDO">부산</Col>
        <Col id="GUGUN">좌동</Col>
      </Row>
      <Row>
        <Col id="SIDO">부산</Col>
        <Col id="GUGUN">청룡동</Col>
      </Row>
      <Row>
        <Col id="SIDO">부산</Col>
        <Col id="GUGUN">태종대</Col>
      </Row>
      <Row>
        <Col id="SIDO">부산</Col>
        <Col id="GUGUN">학장동</Col>
      </Row>
      <Row>
        <Col id="SIDO">전북</Col>
        <Col id="GUGUN">개정동</Col>
      </Row>
      <Row>
        <Col id="SIDO">전북</Col>
        <Col id="GUGUN">고산면</Col>
      </Row>
      <Row>
        <Col id="SIDO">전북</Col>
        <Col id="GUGUN">고창읍</Col>
      </Row>
      <Row>
        <Col id="SIDO">전북</Col>
        <Col id="GUGUN">남중동</Col>
      </Row>
      <Row>
        <Col id="SIDO">전북</Col>
        <Col id="GUGUN">모현동</Col>
      </Row>
      <Row>
        <Col id="SIDO">전북</Col>
        <Col id="GUGUN">무주읍</Col>
      </Row>
      <Row>
        <Col id="SIDO">전북</Col>
        <Col id="GUGUN">부안읍</Col>
      </Row>
      <Row>
        <Col id="SIDO">전북</Col>
        <Col id="GUGUN">삼천동</Col>
      </Row>
      <Row>
        <Col id="SIDO">전북</Col>
        <Col id="GUGUN">소룡동</Col>
      </Row>
      <Row>
        <Col id="SIDO">전북</Col>
        <Col id="GUGUN">송천동</Col>
      </Row>
      <Row>
        <Col id="SIDO">전북</Col>
        <Col id="GUGUN">순창읍</Col>
      </Row>
      <Row>
        <Col id="SIDO">전북</Col>
        <Col id="GUGUN">신태인</Col>
      </Row>
      <Row>
        <Col id="SIDO">전북</Col>
        <Col id="GUGUN">신풍동(군산)</Col>
      </Row>
      <Row>
        <Col id="SIDO">전북</Col>
        <Col id="GUGUN">심원면</Col>
      </Row>
      <Row>
        <Col id="SIDO">전북</Col>
        <Col id="GUGUN">연지동</Col>
      </Row>
      <Row>
        <Col id="SIDO">전북</Col>
        <Col id="GUGUN">요촌동</Col>
      </Row>
      <Row>
        <Col id="SIDO">전북</Col>
        <Col id="GUGUN">임실읍</Col>
      </Row>
      <Row>
        <Col id="SIDO">전북</Col>
        <Col id="GUGUN">장수읍</Col>
      </Row>
      <Row>
        <Col id="SIDO">전북</Col>
        <Col id="GUGUN">죽항동</Col>
      </Row>
      <Row>
        <Col id="SIDO">전북</Col>
        <Col id="GUGUN">중앙동(전주)</Col>
      </Row>
      <Row>
        <Col id="SIDO">전북</Col>
        <Col id="GUGUN">진안읍</Col>
      </Row>
      <Row>
        <Col id="SIDO">전북</Col>
        <Col id="GUGUN">팔복동</Col>
      </Row>
      <Row>
        <Col id="SIDO">전북</Col>
        <Col id="GUGUN">팔봉동</Col>
      </Row>
      <Row>
        <Col id="SIDO">광주</Col>
        <Col id="GUGUN">건국동</Col>
      </Row>
      <Row>
        <Col id="SIDO">광주</Col>
        <Col id="GUGUN">농성동</Col>
      </Row>
      <Row>
        <Col id="SIDO">광주</Col>
        <Col id="GUGUN">두암동</Col>
      </Row>
      <Row>
        <Col id="SIDO">광주</Col>
        <Col id="GUGUN">서석동</Col>
      </Row>
      <Row>
        <Col id="SIDO">광주</Col>
        <Col id="GUGUN">송정1동</Col>
      </Row>
      <Row>
        <Col id="SIDO">광주</Col>
        <Col id="GUGUN">오선동</Col>
      </Row>
      <Row>
        <Col id="SIDO">광주</Col>
        <Col id="GUGUN">주월동</Col>
      </Row>
      <Row>
        <Col id="SIDO">전남</Col>
        <Col id="GUGUN">광양읍</Col>
      </Row>
      <Row>
        <Col id="SIDO">전남</Col>
        <Col id="GUGUN">나불리</Col>
      </Row>
      <Row>
        <Col id="SIDO">전남</Col>
        <Col id="GUGUN">담양읍</Col>
      </Row>
      <Row>
        <Col id="SIDO">전남</Col>
        <Col id="GUGUN">덕충동</Col>
      </Row>
      <Row>
        <Col id="SIDO">전남</Col>
        <Col id="GUGUN">문수동</Col>
      </Row>
      <Row>
        <Col id="SIDO">전남</Col>
        <Col id="GUGUN">부흥동</Col>
      </Row>
      <Row>
        <Col id="SIDO">전남</Col>
        <Col id="GUGUN">빛가람동</Col>
      </Row>
      <Row>
        <Col id="SIDO">전남</Col>
        <Col id="GUGUN">삼일동</Col>
      </Row>
      <Row>
        <Col id="SIDO">전남</Col>
        <Col id="GUGUN">서강동</Col>
      </Row>
      <Row>
        <Col id="SIDO">전남</Col>
        <Col id="GUGUN">순천만</Col>
      </Row>
      <Row>
        <Col id="SIDO">전남</Col>
        <Col id="GUGUN">신대</Col>
      </Row>
      <Row>
        <Col id="SIDO">전남</Col>
        <Col id="GUGUN">여천동(여수)</Col>
      </Row>
      <Row>
        <Col id="SIDO">전남</Col>
        <Col id="GUGUN">연향동</Col>
      </Row>
      <Row>
        <Col id="SIDO">전남</Col>
        <Col id="GUGUN">영광읍</Col>
      </Row>
      <Row>
        <Col id="SIDO">전남</Col>
        <Col id="GUGUN">용당동</Col>
      </Row>
      <Row>
        <Col id="SIDO">전남</Col>
        <Col id="GUGUN">월내동</Col>
      </Row>
      <Row>
        <Col id="SIDO">전남</Col>
        <Col id="GUGUN">율촌면</Col>
      </Row>
      <Row>
        <Col id="SIDO">전남</Col>
        <Col id="GUGUN">장성읍</Col>
      </Row>
      <Row>
        <Col id="SIDO">전남</Col>
        <Col id="GUGUN">장천동</Col>
      </Row>
      <Row>
        <Col id="SIDO">전남</Col>
        <Col id="GUGUN">장흥읍</Col>
      </Row>
      <Row>
        <Col id="SIDO">전남</Col>
        <Col id="GUGUN">중동</Col>
      </Row>
      <Row>
        <Col id="SIDO">전남</Col>
        <Col id="GUGUN">진상면</Col>
      </Row>
      <Row>
        <Col id="SIDO">전남</Col>
        <Col id="GUGUN">태인동</Col>
      </Row>
      <Row>
        <Col id="SIDO">전남</Col>
        <Col id="GUGUN">해남읍</Col>
      </Row>
      <Row>
        <Col id="SIDO">전남</Col>
        <Col id="GUGUN">호두리</Col>
      </Row>
      <Row>
        <Col id="SIDO">전남</Col>
        <Col id="GUGUN">화양면</Col>
      </Row>
      <Row>
        <Col id="SIDO">제주</Col>
        <Col id="GUGUN">대정읍</Col>
      </Row>
      <Row>
        <Col id="SIDO">제주</Col>
        <Col id="GUGUN">동홍동</Col>
      </Row>
      <Row>
        <Col id="SIDO">제주</Col>
        <Col id="GUGUN">성산읍</Col>
      </Row>
      <Row>
        <Col id="SIDO">제주</Col>
        <Col id="GUGUN">연동</Col>
      </Row>
      <Row>
        <Col id="SIDO">제주</Col>
        <Col id="GUGUN">이도동</Col>
      </Row>
    </Rows>
  </Dataset>
  <Dataset id="gds_loc">
    <ColumnInfo>
      <Column id="LOC" type="STRING" size="256"/>
    </ColumnInfo>
    <Rows>
      <Row>
        <Col id="LOC">서울</Col>
      </Row>
      <Row>
        <Col id="LOC">경기</Col>
      </Row>
      <Row>
        <Col id="LOC">인천</Col>
      </Row>
      <Row>
        <Col id="LOC">강원</Col>
      </Row>
      <Row>
        <Col id="LOC">충남</Col>
      </Row>
      <Row>
        <Col id="LOC">충북</Col>
      </Row>
      <Row>
        <Col id="LOC">세종</Col>
      </Row>
      <Row>
        <Col id="LOC">대전</Col>
      </Row>
      <Row>
        <Col id="LOC">경북</Col>
      </Row>
      <Row>
        <Col id="LOC">대구</Col>
      </Row>
      <Row>
        <Col id="LOC">울산</Col>
      </Row>
      <Row>
        <Col id="LOC">경남</Col>
      </Row>
      <Row>
        <Col id="LOC">부산</Col>
      </Row>
      <Row>
        <Col id="LOC">전북</Col>
      </Row>
      <Row>
        <Col id="LOC">광주</Col>
      </Row>
      <Row>
        <Col id="LOC">전남</Col>
      </Row>
      <Row>
        <Col id="LOC">제주</Col>
      </Row>
    </Rows>
  </Dataset>
  <Dataset id="gds_checkMaterialPayment">
    <ColumnInfo>
      <Column id="ITEM_CODE" type="STRING" size="256"/>
      <Column id="ITEM_NAME" type="STRING" size="256"/>
      <Column id="STOCKTAKING" type="STRING" size="256"/>
      <Column id="SAFETY_STOCKTAKING" type="STRING" size="256"/>
      <Column id="STOCK_STATUS" type="STRING" size="256"/>
      <Column id="SAFETY_STOCK_STATUS" type="STRING" size="256"/>
      <Column id="NECESSARY_AMOUNT" type="STRING" size="256"/>
    </ColumnInfo>
  </Dataset>
  <Variable id="global_companyName"/>
  <Variable id="global_workplaceName"/>
  <Variable id="global_empCode"/>
  <Variable id="global_empName"/>
  <Variable id="global_deptCode"/>
  <Variable id="global_positionCode"/>
  <Variable id="global_estimate"/>
  <Variable id="global_page"/>
  <Variable id="global_dong"/>
  <Variable id="mrpGatheringNo"/>
</GlobalVariables>
