<?xml version="1.0" encoding="UTF-8"?>
<beans xmlns="http://www.springframework.org/schema/beans"
	xmlns:xsi="http://www.w3.org/2001/XMLSchema-instance"
	xmlns:context="http://www.springframework.org/schema/context"
	xmlns:p="http://www.springframework.org/schema/p"
	xsi:schemaLocation="http://www.springframework.org/schema/beans http://www.springframework.org/schema/beans/spring-beans.xsd
		http://www.springframework.org/schema/context http://www.springframework.org/schema/context/spring-context-3.1.xsd">

<!-- 스캔대상 클래스 범위 지정하기  -->
	<context:component-scan base-package="kr.co.JH5th">
		<context:include-filter type="aspectj"
			expression="kr.co.JH5th..controller.*" />

	<!--
   <context:exclude-filter> 태그를 사용하면 자동 스캔 대상에 포함시킬 클래스와 포함시키지 않을 클래스를 구체적으로 명시할 수 있다.
   aspectj: 클래스 이름이 AspectJ 의 표현식에 매칭되는 지의 여부.  expression 속성에는 "kr.co.HJCompony..controller.* " 와 같이 AspectJ 의 표현식을 입력한다.
    모든 컨트롤러 클래스들을 포함시키지 않겟다 .
    <context:include-filter> 태그는 위와 반대이다
    -->


	</context:component-scan>


   <bean id="datasetBeanMapper" class="kr.co.JH5th.common.mapper.DatasetBeanMapper" />

    <!-- annotaionMethodHandler -->
   <bean class="org.springframework.web.servlet.mvc.annotation.AnnotationMethodHandlerAdapter"
      p:alwaysUseFullPath="false"/>



   <bean class="org.springframework.web.servlet.mvc.annotation.DefaultAnnotationHandlerMapping">
      <property name="alwaysUseFullPath" value="false" />
      <property name="order" value="0" />
      <property name="interceptors">
         <list>
            <ref bean="xplatformInterceptor" />
         </list>
      </property>
   </bean>


   <bean id="xplatformInterceptor" class="kr.co.JH5th.common.interceptor.XplatformInterceptor"/>



	<bean id="viewMapping" class="org.springframework.web.servlet.view.ResourceBundleViewResolver">
      <property name="basename" value="report" />
      <property name="order" value="2" />
   </bean>



</beans>
