<?xml version="1.0" encoding="UTF-8"?>
<!DOCTYPE mapper PUBLIC "-//mybatis.org//DTD Mapper 3.0//EN" "http://mybatis.org/dtd/mybatis-3-mapper.dtd">
<mapper namespace="kr.co.JH5th.logistics.base.dao.DeptDAO">



<!-- deptDAO -->

	

	<resultMap type="deptTO" id="deptResult">

		<result property="workplaceCode" column="WORKPLACE_CODE" />
		<result property="deptCode" column="DEPT_CODE" />
		<result property="deptName" column="DEPT_NAME" />
		<result property="workplaceName" column="WORKPLACE_NAME" />
		<result property="companyCode" column="COMPANY_CODE" />
		<result property="companyName" column="COMPANY_NAME" />
		<result property="deptStartDate" column="DEPT_START_DATE" />
		<result property="deptEndDate" column="DEPT_END_DATE" />


	</resultMap>


	<select id="selectDeptList" resultMap="deptResult">

		SELECT
		WORKPLACE_CODE, DEPT_CODE, DEPT_NAME, WORKPLACE_NAME
		, COMPANY_CODE, COMPANY_NAME, DEPT_START_DATE, DEPT_END_DATE
		FROM DEPARTMENT


	</select>

    <insert id="insertDeptList"  parameterType="deptTO">
    <![CDATA[
   	INSERT INTO DEPARTMENT
(WORKPLACE_CODE,DEPT_CODE,DEPT_NAME,WORKPLACE_NAME
,COMPANY_CODE,COMPANY_NAME
,DEPT_START_DATE,DEPT_END_DATE)
VALUES(#workplaceCode#,#deptCode#,#deptName#,#workplaceName#
,#companyCode#,#companyName#,#deptStartDate#,#deptEndDate#)
    ]]>
    </insert>

	<update id="updateDeptList" parameterType="deptTO">
				UPDATE DEPARTMENT SET
				WORKPLACE_CODE =#{workplaceCode},
				DEPT_NAME =#{deptName},
				WORKPLACE_NAME = #{workplaceName},
				COMPANY_CODE = #{companyCode},
				COMPANY_NAME = #{companyName},
				DEPT_START_DATE = #{deptStartDate},
				DEPT_END_DATE = #{deptEndDate}

				WHERE DEPT_CODE = #{deptCode}
				</update>


				<delete id="deleteDeptList" parameterType="deptTO">
				DELETE FROM DEPARTMENT
				WHERE DEPT_CODE = #{deptCode}
				</delete>





</mapper>