<?xml version="1.0" encoding="UTF-8"?>
<!DOCTYPE mapper PUBLIC "-//mybatis.org//DTD Mapper 3.0//EN" "http://mybatis.org/dtd/mybatis-3-mapper.dtd">
<mapper namespace="kr.co.JH5th.logistics.production.dao.MrpDAO">

	<!-- mrpDAO -->
	<resultMap type="mrpTO" id="mrpResult">

	<result property="mrpNo" column="MRP_NO"/>
	<result property="mpsNo" column="MPS_NO"/>
	<result property="mrpGatheringNo" column="MRP_GATHERING_NO"/>
	<result property="itemClassification" column="ITEM_CLASSIFICATION"/>
	<result property="itemCode" column="ITEM_CODE"/>
	<result property="itemName" column="ITEM_NAME"/>
	<result property="unitOfMrp" column="UNIT_OF_MRP"/>
	<result property="requiredAmount" column="REQUIRED_AMOUNT"/>
	<result property="orderDate" column="ORDER_DATE"/>
	<result property="requiredDate" column="REQUIRED_DATE"/>
	<result property="mrpGatheringStatus" column="MRP_GATHERING_STATUS"/>


	</resultMap>

    <select id="selectMrpList" resultMap="mrpResult">

        SELECT MRP_NO
             , MPS_NO
             , MRP_GATHERING_NO
             , ITEM_CLASSIFICATION
             , ITEM_CODE
             , ITEM_NAME
             , UNIT_OF_MRP
             , REQUIRED_AMOUNT
             , ORDER_DATE
             , REQUIRED_DATE
             , MRP_GATHERING_STATUS
        FROM MRP

    </select>


		<insert id="insertMrp" parameterType="mrpTO">

		INSERT INTO MRP
		VALUES
		( #{mrpNo}
		, #{mpsNo}
		, #{mrpGatheringNo}
		, #{itemClassification}
		, #{itemCode}
		, #{itemName}
		, #{unitOfMrp}
		, #{requiredAmount}
		, #{orderDate}
		, #{requiredDate}
		, #{mrpGatheringStatus}

		 )

	</insert>



	<update id="updateMrp" parameterType="mrpTO">

		UPDATE MRP SET
		MRP_GATHERING_NO = #{mrpGatheringNo}
		, MRP_GATHERING_STATUS = #{mrpGatheringStatus}
		WHERE
		MRP_NO = #{mrpNo}

	</update>





	<!-- MrpOpenTemp -->

   <resultMap id="MrpOpenTempResult" type="MrpOpenTempTO">
      <result property="mpsNo" column="MPS_NO" />
      <result property="bomNo" column="BOM_NO" />
      <result property="itemClassification" column="ITEM_CLASSIFICATION" />
      <result property="itemCode" column="ITEM_CODE" />
      <result property="itemName" column="ITEM_NAME" />
      <result property="unitOfMrp" column="UNIT_OF_MRP" />
      <result property="planAmount" column="PLAN_AMOUNT" />
      <result property="orderDate" column="ORDER_DATE" />
      <result property="requiredDate" column="REQUIRED_DATE" />
      <result property="totalLossRate" column="TOTAL_LOSS_RATE" />
      <result property="caculatedAmount" column="CACULATED_AMOUNT" />
      <result property="requiredAmount" column="REQUIRED_AMOUNT" />
   </resultMap>

   <parameterMap id="MrpOpenTempParameter" type="map">
      <parameter property="mpsNo" typeHandler="kr.co.JH5th.common.util.OracleCallBackHandler" mode="IN" />
      <parameter property="errorCode" jdbcType="DECIMAL" javaType="java.lang.Integer" mode="OUT" />
      <parameter property="errorMsg" jdbcType="VARCHAR" javaType="java.lang.String" mode="OUT" />
      <parameter property="result" jdbcType="CURSOR" javaType="java.sql.ResultSet" mode="OUT" resultMap="MrpOpenTempResult"/>

   </parameterMap>


   <select id="MrpOpenTempProcessList" parameterMap="MrpOpenTempParameter" resultMap="MrpOpenTempResult">
   <![CDATA[
        {call P_MRP_OPEN(?,?,?,?)}
    ]]>
   </select>




 <parameterMap id="MrpOpenTempParameter2" type="map">
      <parameter property="paramArray" typeHandler="kr.co.JH5th.common.util.OracleCallBackHandler" mode="IN" />
      <parameter property="errorCode" jdbcType="DECIMAL" javaType="java.lang.Integer" mode="OUT" />
      <parameter property="errorMsg" jdbcType="VARCHAR" javaType="java.lang.String" mode="OUT" />
      <parameter property="result" jdbcType="CURSOR" javaType="java.sql.ResultSet" mode="OUT" resultMap="MrpOpenTempResult"/>

   </parameterMap>


   <select id="MrpOpenTempProcessList2" parameterMap="MrpOpenTempParameter2" resultMap="MrpOpenTempResult" statementType="CALLABLE">
   <![CDATA[
        {call MRP_PKG.P_MRP_OPEN(?,?,?,?)}
    ]]>
   </select>



</mapper>