<?xml version="1.0" encoding="UTF-8"?>
<!DOCTYPE mapper PUBLIC "-//mybatis.org//DTD Mapper 3.0//EN" "http://mybatis.org/dtd/mybatis-3-mapper.dtd">
<mapper namespace="kr.co.JH5th.logistics.production.dao.WorkInstructionDAO">

	<!-- workInstructionDAO -->

	<resultMap type="workInstructionTO" id="workInstructionResult">

	<result property="workInstructionNo" column="WORK_INSTRUCTION_NO"/>
	<result property="mrpGatheringNo" column="MRP_GATHERING_NO"/>
	<result property="itemCode" column="ITEM_CODE"/>
	<result property="itemName" column="ITEM_NAME"/>
	<result property="instructionDate" column="INSTRUCTION_DATE"/>
	<result property="unitOfWorkInstruction" column="UNIT_OF_WORK_INSTRUCTION"/>
	<result property="workInstructionAmount" column="WORK_INSTRUCTION_AMOUNT"/>
	<result property="productionStatus" column="PRODUCTION_STATUS"/>
	<result property="description" column="DESCRIPTION"/>
	<result property="workInstructionStatus" column="WORK_INSTRUCTION_STATUS"/>

	</resultMap>


	<select id="selectWorkInstructionList" resultMap="workInstructionResult">

		SELECT
		WORK_INSTRUCTION_NO, MRP_GATHERING_NO, ITEM_CODE
		, ITEM_NAME, INSTRUCTION_DATE, UNIT_OF_WORK_INSTRUCTION
		, WORK_INSTRUCTION_AMOUNT, PRODUCTION_STATUS, DESCRIPTION
		, WORK_INSTRUCTION_STATUS
		FROM PRODUCTION_WORK_INSTRUCTION

	</select>



	<insert id="insertWorkInstruction" parameterType="workInstructionTO">

		INSERT INTO PRODUCTION_WORK_INSTRUCTION
		VALUES
		( #{workInstructionNo}
		, #{mrpGatheringNo}
		, #{itemCode}
		, #{itemName}
		, #{instructionDate}
		, #{unitOfWorkInstruction}
		, #{workInstructionAmount}
		, #{productionStatus}
		, #{description}
		, #{workInstructionStatus} )

	</insert>



	<update id="updateWorkInstruction" parameterType="workInstructionTO">

		UPDATE PRODUCTION_WORK_INSTRUCTION SET
		ITEM_CODE = #{itemCode}
		, ITEM_NAME = #{itemName}
		, INSTRUCTION_DATE = #{instructionDate}
		, UNIT_OF_WORK_INSTRUCTION = #{unitOfWorkInstruction}
		, WORK_INSTRUCTION_AMOUNT = #{workInstructionAmount}
		, PRODUCTION_STATUS = #{productionStatus}
		, DESCRIPTION = #{description}
		, WORK_INSTRUCTION_STATUS = #{workInstructionStatus}
		WHERE
		WORK_INSTRUCTION_NO = #{workInstructionNo}
		AND
		MRP_GATHERING_NO = #{mrpGatheringNo}

	</update>


	<delete id="deleteWorkInstruction" parameterType="workInstructionTO">

		DELETE FROM PRODUCTION_WORK_INSTRUCTION
		WHERE
		WORK_INSTRUCTION_NO = #{workInstructionNo}
		AND
		MRP_GATHERING_NO = #{mrpGatheringNo}


	</delete>


	<!-- //작업지시 패키지 프로시저 20190121 -->
	<resultMap type="MaterialCheckTO" id="MaterialCheckResult2">
	<result property="itemCode" column="ITEM_CODE"/>
	<result property="itemName" column="ITEM_NAME"/>
	<result property="stocktaking" column="STOCKTAKING"/>
	<result property="safetyStocktaking" column="SAFETY_STOCKTAKING"/>
	<result property="stockStatus" column="STOCK_STATUS"/>
	<result property="safetyStockStatus" column="SAFETY_STOCK_STATUS"/>
	<result property="necessaryAmount" column="NECESSARY_AMOUNT"/>
	</resultMap>
	
	
 <parameterMap id="MaterialCheckOpenParameter2" type="map">
      <parameter property="mrpGatheringNo" jdbcType="VARCHAR" javaType="java.lang.String" mode="IN" />
      <parameter property="errorCode" jdbcType="DECIMAL" javaType="java.lang.Integer" mode="OUT" />
      <parameter property="errorMsg" jdbcType="VARCHAR" javaType="java.lang.String" mode="OUT" />
      <parameter property="result" jdbcType="CURSOR" javaType="java.sql.ResultSet" mode="OUT" resultMap="MaterialCheckResult2"/>

   </parameterMap>


   <select id="selectdWorkInstructionOpen" parameterMap="MaterialCheckOpenParameter2" resultMap="MaterialCheckResult2" statementType="CALLABLE">
   <![CDATA[
        {call PKG_WORK_INSTRUCTION.P_WORK_INSTRUCTION_OPEN(?,?,?,?)}
    ]]>
   </select>





	<!-- //작업지시 프로시저 20190110 -->
	<resultMap type="MaterialCheckTO" id="MaterialCheckResult">
	<result property="itemCode" column="ITEM_CODE"/>
	<result property="itemName" column="ITEM_NAME"/>
	<result property="stocktaking" column="STOCKTAKING"/>
	<result property="safetyStocktaking" column="SAFETY_STOCKTAKING"/>
	<result property="stockstatus" column="STOCK_STATUS"/>
	<result property="safetyStockStatus" column="SAFETY_STOCK_STATUS"/>
	</resultMap>
	
	
 <parameterMap id="MaterialCheckOpenParameter" type="map">
      <parameter property="vMpsNum" jdbcType="VARCHAR" javaType="java.lang.String" mode="IN" />
      <parameter property="errorCode" jdbcType="DECIMAL" javaType="java.lang.Integer" mode="OUT" />
      <parameter property="errorMsg" jdbcType="VARCHAR" javaType="java.lang.String" mode="OUT" />
      <parameter property="result" jdbcType="CURSOR" javaType="java.sql.ResultSet" mode="OUT" resultMap="MaterialCheckResult"/>

   </parameterMap>


   <select id="selectMaterialCheckOpen" parameterMap="MaterialCheckOpenParameter" resultMap="MaterialCheckResult" statementType="CALLABLE">
   <![CDATA[
        {call P_MATERIAL_CHECK_OPEN(?,?,?,?)}
    ]]>
   </select>







</mapper>