<?xml version="1.0" encoding="UTF-8"?>
<!DOCTYPE mapper PUBLIC "-//mybatis.org//DTD Mapper 3.0//EN" "http://mybatis.org/dtd/mybatis-3-mapper.dtd">
<mapper namespace="kr.co.JH5th.logistics.purchase.dao.OrderInfoDAO">

	<!-- orderInfoDAO -->

	<resultMap type="orderInfoTO" id="orderInfoResult">

	<result property="orderNo" column="ORDER_NO"/>
	<result property="customerCode" column="CUSTOMER_CODE"/>
	<result property="orderDate" column="ORDER_DATE"/>
	<result property="personCodeInCharge" column="PERSON_CODE_IN_CHARGE"/>
	<result property="description" column="DESCRIPTION"/>
	<result property="orderInfoStatus" column="ORDER_INFO_STATUS"/>


	</resultMap>


 	<select id="selectOrderInfoList" resultMap="orderInfoResult">


		SELECT
		ORDER_NO, CUSTOMER_CODE
		, ORDER_DATE, PERSON_CODE_IN_CHARGE, DESCRIPTION
		, ORDER_INFO_STATUS
		FROM ORDER_INFO


	</select>


	<insert id="insertOrderInfo" parameterType="orderInfoTO">

		INSERT INTO ORDER_INFO
		VALUES
		( #{orderNo}
		, #{customerCode}
		, #{orderDate}
		, #{personCodeInCharge}
		, #{description}
		, #{orderInfoStatus} )

	</insert>


	<update id="updateOrderInfo" parameterType="orderInfoTO">

		UPDATE ORDER_INFO SET
		CUSTOMER_CODE = #{customerCode}
		, ORDER_DATE = #{orderDate}
		, PERSON_CODE_IN_CHARGE = #{personCodeInCharge}
		, DESCRIPTION = #{description}
		, ORDER_INFO_STATUS = #{orderInfoStatus}
		WHERE
		ORDER_NO = #{orderNo}


	</update>




	<!-- stockDAO -->

	<resultMap type="stockTO" id="stockResult">

	<result property="warehouseCode" column="WAREHOUSE_CODE"/>
	<result property="itemCode" column="ITEM_CODE"/>
	<result property="deliveryNo" column="DELIVERY_NO"/>
	<result property="productionResultNo" column="PRODUCTION_RESULT_NO"/>
	<result property="inputItemNo" column="INPUT_ITEM_NO"/>
	<result property="itemName" column="ITEM_NAME"/>
	<result property="unitOfStock" column="UNIT_OF_STOCK"/>
	<result property="safetyAllowanceAmount" column="SAFETY_ALLOWANCE_AMOUNT"/>
	<result property="stockAmount" column="STOCK_AMOUNT"/>
	<result property="description" column="DESCRIPTION"/>



	</resultMap>

	<select id="selectStockList" resultMap="stockResult">

		SELECT
		WAREHOUSE_CODE, ITEM_CODE, DELIVERY_NO
		, PRODUCTION_RESULT_NO, INPUT_ITEM_NO
		, ITEM_NAME, UNIT_OF_STOCK, SAFETY_ALLOWANCE_AMOUNT
		, STOCK_AMOUNT, DESCRIPTION
		FROM STOCK

	</select>



	<insert id="insertStock" parameterType="stockTO">

		INSERT INTO STOCK
		VALUES
		( #{warehouseCode}
		, #{itemCode}
		, #{deliveryNo}
		, #{productionResultNo}
		, #{inputItemNo}
		, #{itemName}
		, #{unitOfStock}
		, #{safetyAllowanceAmount}
		, #{stockAmount}
		, #{description} )

	</insert>



	<update id="updateStock" parameterType="stockTO">

		UPDATE STOCK SET
		DELIVERY_NO = #deliveryNo}
		, PRODUCTION_RESULT_NO = #{productionResultNo}
		, INPUT_ITEM_NO = #{inputItemNo}
		, ITEM_NAME = #{itemName}
		, UNIT_OF_STOCK = #{unitOfStock}
		, SAFETY_ALLOWANCE_AMOUNT = #{safetyAllowanceAmount}
		, STOCK_AMOUNT = #{stockAmount}
		, DESCRIPTION = #{description}
		WHERE
		WAREHOUSE_CODE = #{warehouseCode}
		AND
		ITEM_CODE = #{itemCode}

	</update>



	<delete id="deleteStock" parameterType="stockTO">

		DELETE FROM STOCK
		WHERE WAREHOUSE_CODE = #{warehouseCode}
		AND
		ITEM_CODE = #{itemCode}


	</delete>




	<!-- materialPaymentDAO -->

	<resultMap type="materialPaymentTO" id="materialPaymentResult">

	<result property="itemCode" column="ITEM_CODE"/>
	<result property="paymentDate" column="PAYMENT_DATE"/>
	<result property="workInstructionNo" column="WORK_INSTRUCTION_NO"/>
	<result property="itemName" column="ITEM_NAME"/>
	<result property="paymentAmount" column="PAYMENT_AMOUNT"/>
	<result property="unitPayment" column="UNIT_PAYMENT"/>
	<result property="description" column="DESCRIPTION"/>

	</resultMap>


	<select id="selectMaterialPaymentList" resultMap="materialPaymentResult">

		SELECT
		ITEM_CODE, PAYMENT_DATE, WORK_INSTRUCTION_NO
		, ITEM_NAME, PAYMENT_AMOUNT, UNIT_PAYMENT, DESCRIPTION
		FROM MATERIAL_PAYMENT

	</select>




	<insert id="insertMaterialPayment" parameterType="materialPaymentTO">

		INSERT INTO MATERIAL_PAYMENT
		VALUES
		( #{itemCode}
		, #{paymentDate}
		, #{workInstructionNo}
		, #{itemName}
		, #{paymentAmount}
		, #{unitPayment}
		, #{description} )

	</insert>




	<!-- warehousingDAO -->

	<resultMap type="warehousingTO" id="warehousingResult">

	<result property="itemCode" column="ITEM_CODE"/>
	<result property="orderNo" column="ORDER_NO"/>
	<result property="itemName" column="ITEM_NAME"/>
	<result property="orderAmount" column="ORDER_AMOUNT"/>
	<result property="warehousingAmount" column="WAREHOUSING_AMOUNT"/>
	<result property="unitWarehousing" column="UNIT_WAREHOUSING"/>
	<result property="customer" column="CUSTOMER"/>
	<result property="description" column="DESCRIPTION"/>
	<result property="warehousingDate" column="WAREHOUSING_DATE"/>

	</resultMap>


	<select id="selectWarehousingList" resultMap="warehousingResult">

		SELECT
		ITEM_CODE, ORDER_NO, ITEM_NAME, ORDER_AMOUNT
		, WAREHOUSING_AMOUNT, UNIT_WAREHOUSING, CUSTOMER, DESCRIPTION
		, WAREHOUSING_DATE
		FROM WAREHOUSING

	</select>




	<insert id="insertWarehousing" parameterType="warehousingTO">

		INSERT INTO WAREHOUSING
		VALUES
		( #{itemCode}
		, #{orderNo}
		, #{itemName}
		, #{orderAmount}
		, #{warehousingAmount}
		, #{unitWarehousing}
		, #{customer}
		, #{description}
		, #{warehousingDate} )

	</insert>


	<update id="updateWarehousing" parameterType="warehousingTO">

		UPDATE WAREHOUSING SET
		ORDER_NO = #{orderNo}
		, ITEM_NAME = #{itemName}
		, ORDER_AMOUNT = #{orderAmount}
		, WAREHOUSING_AMOUNT = #{warehousingAmount}
		, UNIT_WAREHOUSING = #{unitWarehousing}
		, CUSTOMER = #{customer}
		, DESCRIPTION = #{description}
		, WAREHOUSING_DATE = #{warehousingDate}
		WHERE
		ITEM_CODE = #{itemCode}

	</update>






</mapper>