<?xml version="1.0" encoding="UTF-8"?>
<!DOCTYPE mapper PUBLIC "-//mybatis.org//DTD Mapper 3.0//EN" "http://mybatis.org/dtd/mybatis-3-mapper.dtd">
<mapper namespace="kr.co.JH5th.logistics.purchase.dao.OrderDetailDAO">



	<!-- orderDetailDAO -->
	<resultMap type="orderDetailTO" id="orderDetailResult">

	<result property="orderDetailNo" column="ORDER_DETAIL_NO"/>
	<result property="orderNo" column="ORDER_NO"/>
	<result property="itemCode" column="ITEM_CODE"/>
	<result property="itemName" column="ITEM_NAME"/>
	<result property="unitOfOrder" column="UNIT_OF_ORDER"/>
	<result property="dueDateOfOrder" column="DUE_DATE_OF_ORDER"/>
	<result property="deliveryScheduleDate" column="DELIVERY_SCHEDULE_DATE"/>
	<result property="orderAmount" column="ORDER_AMOUNT"/>
	<result property="unitPriceOfOrder" column="UNIT_PRICE_OF_ORDER"/>
	<result property="sumPriceOfOrder" column="SUM_PRICE_OF_ORDER"/>
	<result property="description" column="DESCRIPTION"/>
	<result property="mrpGatheringNo" column="MRP_GATHERING_NO"/>
	<result property="orderDetailStatus" column="ORDER_DETAIL_STATUS"/>

	</resultMap>


 	<select id="selectOrderDetailList" resultMap="orderDetailResult">


		SELECT
		ORDER_DETAIL_NO, ORDER_NO, ITEM_CODE, ITEM_NAME
		, UNIT_OF_ORDER, DUE_DATE_OF_ORDER, DELIVERY_SCHEDULE_DATE
		, ORDER_AMOUNT, UNIT_PRICE_OF_ORDER, SUM_PRICE_OF_ORDER
		, DESCRIPTION, MRP_GATHERING_NO, ORDER_DETAIL_STATUS
		FROM ORDER_DETAIL


	</select>


	<insert id="insertOrderDetail" parameterType="orderDetailTO">

		INSERT INTO ORDER_DETAIL
		VALUES
		( #{orderDetailNo}
		, #{orderNo}
		, #{itemCode}
		, #{itemName}
		, #{unitOfOrder}
		, #{dueDateOfOrder}
		, #{deliveryScheduleDate}
		, #{orderAmount}
		, #{unitPriceOfOrder}
		, #{sumPriceOfOrder}
		, #{description}
		, #{mrpGatheringNo}
		, #{orderDetailStatus} )

	</insert>


	<update id="updateOrderDetail" parameterType="orderDetailTO">

		UPDATE ORDER_DETAIL SET
		ITEM_CODE = #{itemCode}
		, ITEM_NAME = #{itemName}
		, UNIT_OF_ORDER = #{unitOfOrder}
		, DUE_DATE_OF_ORDER = #{dueDateOfOrder}
		, DELIVERY_SCHEDULE_DATE = #{deliveryScheduleDate}
		, ORDER_AMOUNT = #{orderAmount}
		, UNIT_PRICE_OF_ORDER = #{unitPriceOfOrder}
		, SUM_PRICE_OF_ORDER = #{sumPriceOfOrder}
		, DESCRIPTION = #{description}
		, ORDER_DETAIL_STATUS = #{orderDetailStatus}
		WHERE
		ORDER_DETAIL_NO = #{orderDetailNo}
		AND
		ORDER_NO = #{orderNo}
		AND
		MRP_GATHERING_NO = #{mrpGatheringNo}


	</update>



  	

 <resultMap type="orderGatheringTO" id="orderGatheringResult">
   <result property="itemCode" column="ITEM_CODE"/>
   <result property="itemName" column="ITEM_NAME"/>
   <result property="unitOfOrder" column="UNIT_OF_ORDER"/>
   <result property="deliveryScheduleDate" column="DELIVERY_SCHEDULE_DATE"/>
   <result property="amount" column="AMOUNT"/>
   <result property="orderAmount" column="ORDER_AMOUNT"/>
   <result property="orderGatheringStatus" column="ORDER_GATHERING_STATUS"/>




	</resultMap>

 	<select id="selectOrderGatheringList" resultMap="orderGatheringResult">


	<!-- 		SELECT M.ITEM_CODE
			 , M.ITEM_NAME
		     , M.UNIT_OF_MRP_GATHERING AS UNIT_OF_ORDER
      		 , M.CLAIM_DATE AS DELIVERY_SCHEDULE_DATE
      		 , (M.AMOUNT2 - S.AMOUNT1) AS ORDER_AMOUNT
           , NULL AS ORDER_GATHERING_STATUS
		  	 FROM
			(SELECT ITEM_CODE, (STOCK_AMOUNT-SAFETY_ALLOWANCE_AMOUNT) AMOUNT1 FROM STOCK) S
			,
			(SELECT ITEM_CODE, ITEM_NAME, UNIT_OF_MRP_GATHERING, MIN(CLAIM_DATE-1) CLAIM_DATE
			, SUM(NECESSARY_AMOUNT) AMOUNT2
 			FROM MRP_GATHERING
			WHERE ORDER_OR_PRODUCTION_STATUS = '구매'
			GROUP BY ITEM_CODE,ITEM_NAME, UNIT_OF_MRP_GATHERING) M
			WHERE S.ITEM_CODE =  M.ITEM_CODE
			AND (M.AMOUNT2 - S.AMOUNT1) > 0  -->



      SELECT M.ITEM_CODE
          , M.ITEM_NAME
           , M.UNIT_OF_MRP_GATHERING AS UNIT_OF_ORDER
             , M.CLAIM_DATE AS DELIVERY_SCHEDULE_DATE
             , M.NECESSARY_AMOUNT AS AMOUNT
  
           ,DECODE(SIGN(S.STOCK_AMOUNT -M.NECESSARY_AMOUNT- S.SAFETY_ALLOWANCE_AMOUNT),-1,ABS(S.STOCK_AMOUNT -M.NECESSARY_AMOUNT- S.SAFETY_ALLOWANCE_AMOUNT),0) AS ORDER_AMOUNT
             , NULL AS ORDER_GATHERING_STATUS
      FROM
         (SELECT ITEM_CODE, STOCK_AMOUNT,SAFETY_ALLOWANCE_AMOUNT  FROM STOCK) S
         ,
         (SELECT ITEM_CODE, ITEM_NAME, UNIT_OF_MRP_GATHERING, MIN(CLAIM_DATE) CLAIM_DATE
         , SUM(TO_NUMBER(NECESSARY_AMOUNT)) AS NECESSARY_AMOUNT
          FROM MRP_GATHERING
         WHERE ORDER_OR_PRODUCTION_STATUS = '구매'
         AND ON_GOING_PROCESS_STATUS IS NULL
         GROUP BY ITEM_CODE,ITEM_NAME, UNIT_OF_MRP_GATHERING) M
      WHERE S.ITEM_CODE =  M.ITEM_CODE











<!-- 직전쿼리
            SELECT M.ITEM_CODE
          , M.ITEM_NAME
           , M.UNIT_OF_MRP_GATHERING AS UNIT_OF_ORDER
             , M.CLAIM_DATE AS DELIVERY_SCHEDULE_DATE
           , M.AMOUNT2 AS AMOUNT
             , DECODE(SIGN(M.AMOUNT2 - S.AMOUNT1),'-1',ABS(M.AMOUNT2 - S.AMOUNT1),0) AS ORDER_AMOUNT
           , NULL AS ORDER_GATHERING_STATUS
            FROM
         (SELECT ITEM_CODE, STOCK_AMOUNT AS AMOUNT1 FROM STOCK) S
         ,
         (SELECT ITEM_CODE, ITEM_NAME, UNIT_OF_MRP_GATHERING, MIN(CLAIM_DATE) CLAIM_DATE
         , SUM(TO_NUMBER(NECESSARY_AMOUNT)) AMOUNT2
          FROM MRP_GATHERING
         WHERE ORDER_OR_PRODUCTION_STATUS = '구매'
         AND ON_GOING_PROCESS_STATUS IS NULL  OR  ON_GOING_PROCESS_STATUS!='Y'
         GROUP BY ITEM_CODE,ITEM_NAME, UNIT_OF_MRP_GATHERING) M
         WHERE S.ITEM_CODE =  M.ITEM_CODE -->
		
		
		<!-- 		SELECT M.ITEM_CODE
			 , M.ITEM_NAME
		     , M.UNIT_OF_MRP_GATHERING AS UNIT_OF_ORDER
      		 , M.CLAIM_DATE AS DELIVERY_SCHEDULE_DATE
           , M.AMOUNT2 AS AMOUNT
      		 , (M.AMOUNT2 - S.AMOUNT1) AS ORDER_AMOUNT
           , NULL AS ORDER_GATHERING_STATUS
		  	 FROM
			(SELECT ITEM_CODE, STOCK_AMOUNT AS AMOUNT1 FROM STOCK) S
			,
			(SELECT ITEM_CODE, ITEM_NAME, UNIT_OF_MRP_GATHERING, MIN(CLAIM_DATE) CLAIM_DATE
			, SUM(TO_NUMBER(NECESSARY_AMOUNT)) AMOUNT2
 			FROM MRP_GATHERING
			WHERE ORDER_OR_PRODUCTION_STATUS = '구매'
			GROUP BY ITEM_CODE,ITEM_NAME, UNIT_OF_MRP_GATHERING) M
			WHERE S.ITEM_CODE =  M.ITEM_CODE -->



	</select>




</mapper>